fecha,hora,consumo_kwh,vertido_kwh,precio_eur_kwh,coste_eur,ingreso_eur
2025/01/01,00:00,24.33,0.0,,2.8,0.0
2025/01/02,00:00,17.6,0.0,,2.02,0.0
2025/01/03,00:00,19.9,0.0,,2.29,0.0
2025/01/04,00:00,18.45,0.0,,2.12,0.0
2025/01/05,00:00,27.82,0.0,,3.2,0.0
2025/01/06,00:00,19.47,0.0,,2.24,0.0
2025/01/07,00:00,18.68,0.0,,2.15,0.0
2025/01/08,00:00,16.23,0.0,,1.87,0.0
2025/01/09,00:00,25.16,0.0,,2.89,0.0
2025/01/10,00:00,13.07,0.0,,1.5,0.0
2025/01/11,00:00,19.39,0.0,,2.23,0.0
2025/01/12,00:00,19.84,0.0,,2.28,0.0
2025/01/13,00:00,18.93,0.0,,2.18,0.0
2025/01/14,00:00,22.82,0.0,,2.62,0.0
2025/01/15,00:00,19.41,0.0,,2.23,0.0
2025/01/16,00:00,24.38,0.0,,2.8,0.0
2025/01/17,00:00,18.68,0.0,,2.15,0.0
2025/01/18,00:00,18.9,0.0,,2.17,0.0
2025/01/19,00:00,16.76,0.0,,1.93,0.0
2025/01/20,00:00,22.1,0.0,,2.54,0.0
2025/01/21,00:00,23.72,0.0,,2.73,0.0
2025/01/22,00:00,13.59,0.0,,1.56,0.0
2025/01/23,00:00,15.0,0.0,,1.73,0.0
2025/01/24,00:00,13.59,0.0,,1.56,0.0
2025/01/25,00:00,14.38,0.0,,1.65,0.0
2025/01/26,00:00,16.52,0.0,,1.9,0.0
2025/01/27,00:00,19.15,0.0,,2.2,0.0
2025/01/28,00:00,9.39,0.0,,1.08,0.0
2025/01/29,00:00,17.12,0.0,,1.97,0.0
2025/01/30,00:00,13.95,0.0,,1.6,0.0
2025/01/31,00:00,11.79,0.0,,1.36,0.0
2025/02/01,00:00,15.43,0.0,,1.77,0.0
2025/02/02,00:00,24.55,0.0,,2.82,0.0
2025/02/03,00:00,21.57,0.0,,2.48,0.0
2025/02/04,00:00,11.54,0.0,,1.33,0.0
2025/02/05,00:00,14.08,0.0,,1.62,0.0
2025/02/06,00:00,21.86,0.0,,2.51,0.0
2025/02/07,00:00,16.72,0.0,,1.92,0.0
2025/02/08,00:00,18.6,0.0,,2.14,0.0
2025/02/09,00:00,18.62,0.0,,2.14,0.0
2025/02/10,00:00,11.22,0.0,,1.29,0.0
2025/02/11,00:00,12.14,0.0,,1.4,0.0
2025/02/12,00:00,9.82,0.0,,1.13,0.0
2025/02/13,00:00,14.31,0.0,,1.65,0.0
2025/02/14,00:00,15.8,0.0,,1.82,0.0
2025/02/15,00:00,11.54,0.0,,1.33,0.0
2025/02/16,00:00,15.82,0.0,,1.82,0.0
2025/02/17,00:00,14.79,0.0,,1.7,0.0
2025/02/18,00:00,14.45,0.0,,1.66,0.0
2025/02/19,00:00,15.68,0.0,,1.8,0.0
2025/02/20,00:00,14.74,0.0,,1.7,0.0
2025/02/21,00:00,13.79,0.0,,1.59,0.0
2025/02/22,00:00,15.52,0.0,,1.78,0.0
2025/02/23,00:00,12.28,0.0,,1.41,0.0
2025/02/24,00:00,13.58,0.0,,1.56,0.0
2025/02/25,00:00,12.76,0.0,,1.47,0.0
2025/02/26,00:00,15.96,0.0,,1.84,0.0
2025/02/27,00:00,10.03,0.0,,1.15,0.0
2025/02/28,00:00,16.89,0.0,,1.94,0.0
2025/03/01,00:00,21.93,0.0,,2.52,0.0
2025/03/02,00:00,17.36,0.0,,2.0,0.0
2025/03/03,00:00,11.64,0.0,,1.34,0.0
2025/03/04,00:00,18.93,0.0,,2.18,0.0
2025/03/05,00:00,20.91,0.0,,2.4,0.0
2025/03/06,00:00,15.24,0.0,,1.75,0.0
2025/03/07,00:00,11.55,0.0,,1.33,0.0
2025/03/08,00:00,17.23,0.0,,1.98,0.0
2025/03/09,00:00,13.29,0.0,,1.53,0.0
2025/03/10,00:00,11.39,0.0,,1.31,0.0
2025/03/11,00:00,20.54,0.0,,2.36,0.0
2025/03/12,00:00,11.81,0.0,,1.36,0.0
2025/03/13,00:00,10.26,0.0,,1.18,0.0
2025/03/14,00:00,16.25,0.0,,1.87,0.0
2025/03/15,00:00,9.8,0.0,,1.13,0.0
2025/03/16,00:00,13.09,0.0,,1.51,0.0
2025/03/17,00:00,15.5,0.0,,1.78,0.0
2025/03/18,00:00,13.23,0.0,,1.52,0.0
2025/03/19,00:00,18.11,0.0,,2.08,0.0
2025/03/20,00:00,9.49,0.0,,1.09,0.0
2025/03/21,00:00,6.82,0.0,,0.78,0.0
2025/03/22,00:00,9.29,0.0,,1.07,0.0
2025/03/23,00:00,5.92,0.0,,0.68,0.0
2025/03/24,00:00,15.01,0.0,,1.73,0.0
2025/03/25,00:00,11.36,0.0,,1.31,0.0
2025/03/26,00:00,14.51,0.0,,1.67,0.0
2025/03/27,00:00,13.69,0.0,,1.57,0.0
2025/03/28,00:00,9.64,0.0,,1.11,0.0
2025/03/29,00:00,12.39,0.0,,1.43,0.0
2025/03/30,00:00,10.22,0.0,,1.18,0.0
2025/03/31,00:00,14.17,0.0,,1.63,0.0
2025/04/01,00:00,12.35,0.0,,1.42,0.0
2025/04/02,00:00,10.19,0.0,,1.17,0.0
2025/04/03,00:00,12.87,0.0,,1.48,0.0
2025/04/04,00:00,10.03,0.0,,1.15,0.0
2025/04/05,00:00,10.14,0.0,,1.17,0.0
2025/04/06,00:00,13.2,0.0,,1.52,0.0
2025/04/07,00:00,10.6,0.0,,1.22,0.0
2025/04/08,00:00,14.86,0.0,,1.71,0.0
2025/04/09,00:00,10.44,0.0,,1.2,0.0
2025/04/10,00:00,7.72,0.0,,0.89,0.0
2025/04/11,00:00,12.96,0.0,,1.49,0.0
2025/04/12,00:00,12.03,0.0,,1.38,0.0
2025/04/13,00:00,10.48,0.0,,1.21,0.0
2025/04/14,00:00,12.16,0.0,,1.4,0.0
2025/04/15,00:00,14.35,0.0,,1.65,0.0
2025/04/16,00:00,12.59,0.0,,1.45,0.0
2025/04/17,00:00,11.79,0.0,,1.36,0.0
2025/04/18,00:00,8.16,0.0,,0.94,0.0
2025/04/19,00:00,10.57,0.0,,1.22,0.0
2025/04/20,00:00,11.08,0.0,,1.27,0.0
2025/04/21,00:00,10.23,0.0,,1.18,0.0
2025/04/22,00:00,14.4,0.0,,1.66,0.0
2025/04/23,00:00,9.71,0.0,,1.12,0.0
2025/04/24,00:00,9.45,0.0,,1.09,0.0
2025/04/25,00:00,10.23,0.0,,1.18,0.0
2025/04/26,00:00,8.82,0.0,,1.01,0.0
2025/04/27,00:00,13.93,0.0,,1.6,0.0
2025/04/28,00:00,6.17,0.0,,0.71,0.0
2025/04/29,00:00,12.79,0.0,,1.47,0.0
2025/04/30,00:00,10.72,0.0,,1.23,0.0
2025/05/01,00:00,9.96,0.0,,1.15,0.0
2025/05/02,00:00,10.93,0.0,,1.26,0.0
2025/05/03,00:00,9.06,0.0,,1.04,0.0
2025/05/04,00:00,10.09,0.0,,1.16,0.0
2025/05/05,00:00,14.51,0.0,,1.67,0.0
2025/05/06,00:00,12.1,0.0,,1.39,0.0
2025/05/07,00:00,10.63,0.0,,1.22,0.0
2025/05/08,00:00,8.91,0.0,,1.02,0.0
2025/05/09,00:00,10.02,0.0,,1.15,0.0
2025/05/10,00:00,13.56,0.0,,1.56,0.0
2025/05/11,00:00,11.1,0.0,,1.28,0.0
2025/05/12,00:00,11.3,0.0,,1.3,0.0
2025/05/13,00:00,12.78,0.0,,1.47,0.0
2025/05/14,00:00,10.63,0.0,,1.22,0.0
2025/05/15,00:00,11.06,0.0,,1.27,0.0
2025/05/16,00:00,7.13,0.0,,0.82,0.0
2025/05/17,00:00,12.02,0.0,,1.38,0.0
2025/05/18,00:00,13.48,0.0,,1.55,0.0
2025/05/19,00:00,11.22,0.0,,1.29,0.0
2025/05/20,00:00,11.76,0.0,,1.35,0.0
2025/05/21,00:00,9.22,0.0,,1.06,0.0
2025/05/22,00:00,10.51,0.0,,1.21,0.0
2025/05/23,00:00,10.52,0.0,,1.21,0.0
2025/05/24,00:00,9.72,0.0,,1.12,0.0
2025/05/25,00:00,8.23,0.0,,0.95,0.0
2025/05/26,00:00,10.49,0.0,,1.21,0.0
2025/05/27,00:00,10.16,0.0,,1.17,0.0
2025/05/28,00:00,10.71,0.0,,1.23,0.0
2025/05/29,00:00,9.19,0.0,,1.06,0.0
2025/05/30,00:00,12.95,0.0,,1.49,0.0
2025/05/31,00:00,9.13,0.0,,1.05,0.0
2025/06/01,00:00,10.98,0.0,,1.26,0.0
2025/06/02,00:00,13.61,0.0,,1.56,0.0
2025/06/03,00:00,9.5,0.0,,1.09,0.0
2025/06/04,00:00,11.72,0.0,,1.35,0.0
2025/06/05,00:00,8.86,0.0,,1.02,0.0
2025/06/06,00:00,12.2,0.0,,1.4,0.0
2025/06/07,00:00,5.5,0.0,,0.63,0.0
2025/06/08,00:00,6.55,0.0,,0.75,0.0
2025/06/09,00:00,13.44,0.0,,1.55,0.0
2025/06/10,00:00,12.53,0.0,,1.44,0.0
2025/06/11,00:00,16.01,0.0,,1.84,0.0
2025/06/12,00:00,13.38,0.0,,1.54,0.0
2025/06/13,00:00,13.46,0.0,,1.55,0.0
2025/06/14,00:00,11.08,0.0,,1.27,0.0
2025/06/15,00:00,13.2,0.0,,1.52,0.0
2025/06/16,00:00,18.84,0.0,,2.17,0.0
2025/06/17,00:00,17.81,0.0,,2.05,0.0
2025/06/18,00:00,28.02,0.0,,3.22,0.0
2025/06/19,00:00,17.24,0.0,,1.98,0.0
2025/06/20,00:00,14.49,0.0,,1.67,0.0
2025/06/21,00:00,22.13,0.0,,2.55,0.0
2025/06/22,00:00,21.35,0.0,,2.46,0.0
2025/06/23,00:00,16.98,0.0,,1.95,0.0
2025/06/24,00:00,22.57,0.0,,2.6,0.0
2025/06/25,00:00,23.9,0.0,,2.75,0.0
2025/06/26,00:00,25.39,0.0,,2.92,0.0
2025/06/27,00:00,21.21,0.0,,2.44,0.0
2025/06/28,00:00,22.15,0.0,,2.55,0.0
2025/06/29,00:00,4.61,0.0,,0.53,0.0
2025/06/30,00:00,14.16,0.0,,1.63,0.0
2025/07/01,00:00,13.68,0.0,,1.57,0.0
2025/07/02,00:00,11.79,0.0,,1.36,0.0
2025/07/03,00:00,16.56,0.0,,1.9,0.0
2025/07/04,00:00,12.1,0.0,,1.39,0.0
2025/07/05,00:00,10.96,0.0,,1.26,0.0
2025/07/06,00:00,3.88,0.0,,0.45,0.0
2025/07/07,00:00,11.97,0.0,,1.38,0.0
2025/07/08,00:00,20.82,0.0,,2.39,0.0
2025/07/09,00:00,16.53,0.0,,1.9,0.0
2025/07/10,00:00,16.29,0.0,,1.87,0.0
2025/07/11,00:00,18.0,0.0,,2.07,0.0
2025/07/12,00:00,20.46,0.0,,2.35,0.0
2025/07/13,00:00,4.21,0.0,,0.48,0.0
2025/07/14,00:00,12.64,0.0,,1.45,0.0
2025/07/15,00:00,11.18,0.0,,1.29,0.0
2025/07/16,00:00,14.23,0.0,,1.64,0.0
2025/07/17,00:00,14.48,0.0,,1.66,0.0
2025/07/18,00:00,14.22,0.0,,1.64,0.0
2025/07/19,00:00,8.32,0.0,,0.96,0.0
2025/07/20,00:00,5.63,0.0,,0.65,0.0
2025/07/21,00:00,21.98,0.0,,2.53,0.0
2025/07/22,00:00,19.67,0.0,,2.26,0.0
2025/07/23,00:00,19.62,0.0,,2.26,0.0
2025/07/24,00:00,16.3,0.0,,1.87,0.0
2025/07/25,00:00,7.21,0.0,,0.83,0.0
2025/07/26,00:00,3.79,0.0,,0.44,0.0
2025/07/27,00:00,3.96,0.0,,0.46,0.0
2025/07/28,00:00,11.24,0.0,,1.29,0.0
2025/07/29,00:00,13.25,0.0,,1.52,0.0
2025/07/30,00:00,4.78,0.0,,0.55,0.0
2025/07/31,00:00,16.86,0.0,,1.94,0.0
2025/08/01,00:00,6.89,0.0,,0.79,0.0
2025/08/02,00:00,3.9,0.0,,0.45,0.0
2025/08/03,00:00,7.95,0.0,,0.91,0.0
2025/08/04,00:00,3.68,0.0,,0.42,0.0
2025/08/05,00:00,3.71,0.0,,0.43,0.0
2025/08/06,00:00,3.72,0.0,,0.43,0.0
2025/08/07,00:00,4.8,0.0,,0.55,0.0
2025/08/08,00:00,4.55,0.0,,0.52,0.0
2025/08/09,00:00,4.48,0.0,,0.52,0.0
2025/08/10,00:00,4.54,0.0,,0.52,0.0
2025/08/11,00:00,4.64,0.0,,0.53,0.0
2025/08/12,00:00,4.57,0.0,,0.53,0.0
2025/08/13,00:00,4.59,0.0,,0.53,0.0
2025/08/14,00:00,4.58,0.0,,0.53,0.0
2025/08/15,00:00,4.55,0.0,,0.52,0.0
2025/08/16,00:00,4.57,0.0,,0.53,0.0
2025/08/17,00:00,4.61,0.0,,0.53,0.0
2025/08/18,00:00,4.61,0.0,,0.53,0.0
2025/08/19,00:00,4.7,0.0,,0.54,0.0
2025/08/20,00:00,4.71,0.0,,0.54,0.0
2025/08/21,00:00,4.69,0.0,,0.54,0.0
2025/08/22,00:00,4.61,0.0,,0.53,0.0
2025/08/23,00:00,4.57,0.0,,0.53,0.0
2025/08/24,00:00,4.6,0.0,,0.53,0.0
2025/08/25,00:00,5.84,0.0,,0.67,0.0
2025/08/26,00:00,13.56,0.0,,1.56,0.0
2025/08/27,00:00,27.4,0.0,,3.15,0.0
2025/08/28,00:00,13.32,0.0,,1.53,0.0
2025/08/29,00:00,11.12,0.0,,1.28,0.0
2025/08/30,00:00,7.59,0.0,,0.87,0.0
2025/08/31,00:00,4.04,0.0,,0.46,0.0
2025/09/01,00:00,8.81,0.0,,1.01,0.0
2025/09/02,00:00,9.97,0.0,,1.15,0.0
2025/09/03,00:00,8.69,0.0,,1.0,0.0
2025/09/04,00:00,4.6,0.0,,0.53,0.0
2025/09/05,00:00,4.22,0.0,,0.49,0.0
2025/09/06,00:00,5.76,0.0,,0.66,0.0
2025/09/07,00:00,15.27,0.0,,1.76,0.0
2025/09/08,00:00,7.19,0.0,,0.83,0.0
2025/09/09,00:00,12.65,0.0,,1.45,0.0
2025/09/10,00:00,6.72,0.0,,0.77,0.0
2025/09/11,00:00,6.94,0.0,,0.8,0.0
2025/09/12,00:00,7.4,0.0,,0.85,0.0
2025/09/13,00:00,8.28,0.0,,0.95,0.0
2025/09/14,00:00,4.25,0.0,,0.49,0.0
2025/09/15,00:00,6.56,0.0,,0.75,0.0
2025/09/16,00:00,9.7,0.0,,1.11,0.0
2025/09/17,00:00,4.56,0.0,,0.52,0.0
2025/09/18,00:00,7.02,0.0,,0.81,0.0
2025/09/19,00:00,4.8,0.0,,0.55,0.0
2025/09/20,00:00,3.62,0.0,,0.42,0.0
2025/09/21,00:00,3.63,0.0,,0.42,0.0
2025/09/22,00:00,5.17,0.0,,0.59,0.0
2025/09/23,00:00,4.8,0.0,,0.55,0.0
2025/09/24,00:00,4.09,0.0,,0.47,0.0
2025/09/25,00:00,3.86,0.0,,0.44,0.0
2025/09/26,00:00,5.71,0.0,,0.66,0.0
2025/09/27,00:00,3.9,0.0,,0.45,0.0
2025/09/28,00:00,6.21,0.0,,0.71,0.0
2025/09/29,00:00,12.11,0.0,,1.39,0.0
2025/09/30,00:00,8.34,0.0,,0.96,0.0
2025/10/01,00:00,11.31,0.0,,1.3,0.0
2025/10/02,00:00,11.49,0.0,,1.32,0.0
2025/10/03,00:00,8.02,0.0,,0.92,0.0
2025/10/04,00:00,7.29,0.0,,0.84,0.0
2025/10/05,00:00,7.17,0.0,,0.82,0.0
2025/10/06,00:00,11.95,0.0,,1.37,0.0
2025/10/07,00:00,9.77,0.0,,1.12,0.0
2025/10/08,00:00,10.21,0.0,,1.17,0.0
2025/10/09,00:00,12.53,0.0,,1.44,0.0
2025/10/10,00:00,14.38,0.0,,1.65,0.0
2025/10/11,00:00,11.74,0.0,,1.35,0.0
2025/10/12,00:00,5.36,0.0,,0.62,0.0
2025/10/13,00:00,9.77,0.0,,1.12,0.0
2025/10/14,00:00,11.69,0.0,,1.34,0.0
2025/10/15,00:00,9.08,0.0,,1.04,0.0
2025/10/16,00:00,7.48,0.0,,0.86,0.0
2025/10/17,00:00,12.3,0.0,,1.41,0.0
2025/10/18,00:00,7.69,0.0,,0.88,0.0
2025/10/19,00:00,6.69,0.0,,0.77,0.0
2025/10/20,00:00,8.91,0.0,,1.02,0.0
2025/10/21,00:00,11.46,0.0,,1.32,0.0
2025/10/22,00:00,9.25,0.0,,1.06,0.0
2025/10/23,00:00,8.89,0.0,,1.02,0.0
2025/10/24,00:00,9.17,0.0,,1.05,0.0
2025/10/25,00:00,8.41,0.0,,0.97,0.0
2025/10/26,00:00,12.37,0.0,,1.42,0.0
2025/10/27,00:00,11.73,0.0,,1.35,0.0
2025/10/28,00:00,11.98,0.0,,1.38,0.0
2025/10/29,00:00,11.03,0.0,,1.27,0.0
2025/10/30,00:00,9.82,0.0,,1.13,0.0
2025/10/31,00:00,7.62,0.0,,0.88,0.0
2025/11/01,00:00,9.34,0.0,,1.07,0.0
2025/11/02,00:00,9.46,0.0,,1.09,0.0
2025/11/03,00:00,10.01,0.0,,1.15,0.0
2025/11/04,00:00,10.68,0.0,,1.23,0.0
2025/11/05,00:00,10.07,0.0,,1.16,0.0
2025/11/06,00:00,11.41,0.0,,1.31,0.0
2025/11/07,00:00,10.14,0.0,,1.17,0.0
2025/11/08,00:00,6.23,0.0,,0.72,0.0
2025/11/09,00:00,8.23,0.0,,0.95,0.0
2025/11/10,00:00,11.69,0.0,,1.34,0.0
2025/11/11,00:00,10.89,0.0,,1.25,0.0
2025/11/12,00:00,10.61,0.0,,1.22,0.0
2025/11/13,00:00,14.24,0.0,,1.64,0.0
2025/11/14,00:00,12.43,0.0,,1.43,0.0
2025/11/15,00:00,12.2,0.0,,1.4,0.0
2025/11/16,00:00,9.68,0.0,,1.11,0.0
2025/11/17,00:00,8.14,0.0,,0.94,0.0
2025/11/18,00:00,11.31,0.0,,1.3,0.0
2025/11/19,00:00,10.5,0.0,,1.21,0.0
2025/11/20,00:00,11.33,0.0,,1.3,0.0
2025/11/21,00:00,20.63,0.0,,2.37,0.0
2025/11/22,00:00,17.12,0.0,,1.97,0.0
2025/11/23,00:00,15.3,0.0,,1.76,0.0
2025/11/24,00:00,11.77,0.0,,1.35,0.0
2025/11/25,00:00,12.04,0.0,,1.38,0.0
2025/11/26,00:00,12.27,0.0,,1.41,0.0
2025/11/27,00:00,17.52,0.0,,2.01,0.0
2025/11/28,00:00,19.0,0.0,,2.19,0.0
2025/11/29,00:00,9.92,0.0,,1.14,0.0
2025/11/30,00:00,24.42,0.0,,2.81,0.0
2025/12/01,00:00,15.63,0.0,,1.8,0.0
2025/12/02,00:00,16.37,0.0,,1.88,0.0
2025/12/03,00:00,25.72,0.0,,2.96,0.0
2025/12/04,00:00,25.3,0.0,,2.91,0.0
2025/12/05,00:00,23.01,0.0,,2.65,0.0
2025/12/06,00:00,14.59,0.0,,1.68,0.0
2025/12/07,00:00,14.84,0.0,,1.71,0.0
2025/12/08,00:00,10.9,0.0,,1.25,0.0
2025/12/09,00:00,20.17,0.0,,2.32,0.0
2025/12/10,00:00,22.08,0.0,,2.54,0.0
2025/12/11,00:00,15.32,0.0,,1.76,0.0
2025/12/12,00:00,15.51,0.0,,1.78,0.0
2025/12/13,00:00,18.29,0.0,,2.1,0.0
2025/12/14,00:00,22.95,0.0,,2.64,0.0
2025/12/15,00:00,13.91,0.0,,1.6,0.0
2025/12/16,00:00,23.26,0.0,,2.67,0.0
2025/12/17,00:00,16.66,0.0,,1.92,0.0
2025/12/18,00:00,24.97,0.0,,2.87,0.0
2025/12/19,00:00,17.04,0.0,,1.96,0.0
2025/12/20,00:00,20.87,0.0,,2.4,0.0
2025/12/21,00:00,25.61,0.0,,2.94,0.0
2025/12/22,00:00,24.78,0.0,,2.85,0.0
2025/12/23,00:00,30.31,0.0,,3.49,0.0
2025/12/24,00:00,23.51,0.0,,2.7,0.0
2025/12/25,00:00,19.66,0.0,,2.26,0.0
2025/12/26,00:00,34.26,0.0,,3.94,0.0
2025/12/27,00:00,22.53,0.0,,2.59,0.0
2025/12/28,00:00,32.05,0.0,,3.69,0.0
2025/12/29,00:00,22.34,0.0,,2.57,0.0
2025/12/30,00:00,26.6,0.0,,3.06,0.0
2025/12/31,00:00,31.0,0.0,,3.56,0.0
2026/01/01,00:00,19.89,0.0,,2.29,0.0
2026/01/02,00:00,26.79,0.0,,3.08,0.0
2026/01/03,00:00,27.31,0.0,,3.14,0.0
2026/01/04,00:00,31.16,0.0,,3.58,0.0
2026/01/05,00:00,28.86,0.0,,3.32,0.0
2026/01/06,00:00,31.25,0.0,,3.59,0.0
2026/01/07,00:00,32.34,0.0,,3.72,0.0
2026/01/08,00:00,23.23,0.0,,2.67,0.0
2026/01/09,00:00,30.25,0.0,,3.48,0.0
2026/01/10,00:00,25.7,0.0,,2.96,0.0
2026/01/11,00:00,19.99,0.0,,2.3,0.0
2026/01/12,00:00,28.16,0.0,,3.24,0.0
2026/01/13,00:00,20.85,0.0,,2.4,0.0
2026/01/14,00:00,24.01,0.0,,2.76,0.0
2026/01/15,00:00,32.58,0.0,,3.75,0.0
2026/01/16,00:00,24.76,0.0,,2.85,0.0
2026/01/17,00:00,27.66,0.0,,3.18,0.0
2026/01/18,00:00,18.47,0.0,,2.12,0.0
2026/01/19,00:00,28.11,0.0,,3.23,0.0
2026/01/20,00:00,26.87,0.0,,3.09,0.0
2026/01/21,00:00,27.06,0.0,,3.11,0.0
2026/01/22,00:00,33.79,0.0,,3.89,0.0
2026/01/23,00:00,21.82,0.0,,2.51,0.0
2026/01/24,00:00,25.59,0.0,,2.94,0.0
2026/01/25,00:00,30.05,0.0,,3.46,0.0
2026/01/26,00:00,26.08,0.0,,3.0,0.0
2026/01/27,00:00,21.79,0.0,,2.51,0.0
2026/01/28,00:00,19.02,0.0,,2.19,0.0
2026/01/29,00:00,20.71,0.0,,2.38,0.0
2026/01/30,00:00,14.62,0.0,,1.68,0.0
2026/01/31,00:00,11.81,0.0,,1.36,0.0
2026/02/01,00:00,14.06,0.0,,1.62,0.0
2026/02/02,00:00,18.46,0.0,,2.12,0.0
2026/02/03,00:00,18.15,0.0,,2.09,0.0
2026/02/04,00:00,21.5,0.0,,2.47,0.0
2026/02/05,00:00,20.13,0.0,,2.31,0.0
2026/02/06,00:00,14.42,0.0,,1.66,0.0
2026/02/07,00:00,20.82,0.0,,2.39,0.0
2026/02/08,00:00,20.01,0.0,,2.3,0.0
2026/02/09,00:00,14.92,0.0,,1.72,0.0
2026/02/10,00:00,16.77,0.0,,1.93,0.0
2026/02/11,00:00,12.26,0.0,,1.41,0.0
2026/02/12,00:00,9.86,0.0,,1.13,0.0
2026/02/13,00:00,10.83,0.0,,1.25,0.0
2026/02/14,00:00,17.22,0.0,,1.98,0.0
2026/02/15,00:00,13.9,0.0,,1.6,0.0
2026/02/16,00:00,9.32,0.0,,1.07,0.0
2026/02/17,00:00,13.17,0.0,,1.51,0.0
2026/02/18,00:00,10.03,0.0,,1.15,0.0
2026/02/19,00:00,20.23,0.0,,2.33,0.0
2026/02/20,00:00,12.45,0.0,,1.43,0.0
2026/02/21,00:00,16.89,0.0,,1.94,0.0
2026/02/22,00:00,11.94,0.0,,1.37,0.0
2026/02/23,00:00,15.41,0.0,,1.77,0.0
2026/02/24,00:00,14.67,0.0,,1.69,0.0
2026/02/25,00:00,15.32,0.0,,1.76,0.0
2026/02/26,00:00,16.09,0.0,,1.85,0.0
2026/02/27,00:00,14.61,0.0,,1.68,0.0
2026/02/28,00:00,17.98,0.0,,2.07,0.0
2026/03/01,00:00,10.02,0.0,,1.15,0.0
2026/03/02,00:00,21.46,0.0,,2.47,0.0
2026/03/03,00:00,14.65,0.0,,1.69,0.0
2026/03/04,00:00,16.56,0.0,,1.9,0.0
2026/03/05,00:00,20.5,0.0,,2.36,0.0
2026/03/06,00:00,13.02,0.0,,1.5,0.0
2026/03/07,00:00,21.29,0.0,,2.45,0.0
2026/03/08,00:00,14.37,0.0,,1.65,0.0
2026/03/09,00:00,16.59,0.0,,1.91,0.0
2026/03/10,00:00,15.29,0.0,,1.76,0.0
2026/03/11,00:00,15.02,0.0,,1.73,0.0
2026/03/12,00:00,12.56,0.0,,1.44,0.0
2026/03/13,00:00,14.74,0.0,,1.7,0.0
2026/03/14,00:00,18.7,0.0,,2.15,0.0
2026/03/15,00:00,12.4,0.0,,1.43,0.0
2026/03/16,00:00,11.11,0.0,,1.28,0.0
2026/03/17,00:00,14.29,0.0,,1.64,0.0
2026/03/18,00:00,15.54,0.0,,1.79,0.0
2026/03/19,00:00,15.38,0.0,,1.77,0.0
2026/03/20,00:00,13.66,0.0,,1.57,0.0
2026/03/21,00:00,13.56,0.0,,1.56,0.0
2026/03/22,00:00,13.56,0.0,,1.56,0.0
2026/03/23,00:00,11.79,0.0,,1.36,0.0
2026/03/24,00:00,11.88,0.0,,1.37,0.0
2026/03/25,00:00,14.78,0.0,,1.7,0.0
2026/03/26,00:00,11.82,0.0,,1.36,0.0
2026/03/27,00:00,9.85,0.0,,1.13,0.0
2026/03/28,00:00,9.26,0.0,,1.06,0.0
2026/03/29,00:00,5.57,0.0,,0.64,0.0
2026/03/30,00:00,9.62,0.0,,1.11,0.0
2026/03/31,00:00,10.24,0.0,,1.18,0.0
2026/04/01,00:00,14.84,0.0,,1.71,0.0
2026/04/02,00:00,10.53,0.0,,1.21,0.0
2026/04/03,00:00,9.27,0.0,,1.07,0.0
2026/04/04,00:00,14.72,0.0,,1.69,0.0
2026/04/05,00:00,12.66,0.0,,1.46,0.0
2026/04/06,00:00,12.99,0.0,,1.49,0.0
2026/04/07,00:00,11.06,0.0,,1.27,0.0
2026/04/08,00:00,15.29,0.0,,1.76,0.0
2026/04/09,00:00,8.98,0.0,,1.03,0.0
2026/04/10,00:00,12.3,0.0,,1.41,0.0
2026/04/11,00:00,13.64,0.0,,1.57,0.0
2026/04/12,00:00,10.88,0.0,,1.25,0.0
2026/04/13,00:00,10.86,0.0,,1.25,0.0
2026/04/14,00:00,10.23,0.0,,1.18,0.0
2026/04/15,00:00,14.64,0.0,,1.68,0.0
2026/04/16,00:00,12.6,0.0,,1.45,0.0
2026/04/17,00:00,10.46,0.0,,1.2,0.0
2026/04/18,00:00,8.83,0.0,,1.02,0.0
2026/04/19,00:00,9.83,0.0,,1.13,0.0
2026/04/20,00:00,10.6,0.0,,1.22,0.0
2026/04/21,00:00,10.97,0.0,,1.26,0.0
2026/04/22,00:00,11.15,0.0,,1.28,0.0
2026/04/23,00:00,13.13,0.0,,1.51,0.0
2026/04/24,00:00,10.27,0.0,,1.18,0.0
2026/04/25,00:00,8.1,0.0,,0.93,0.0
2026/04/26,00:00,9.24,0.0,,1.06,0.0
2026/04/27,00:00,10.65,0.0,,1.23,0.0
2026/04/28,00:00,9.83,0.0,,1.13,0.0
2026/04/29,00:00,11.5,0.0,,1.32,0.0
2026/04/30,00:00,10.81,0.0,,1.24,0.0
2026/05/01,00:00,13.32,0.0,,1.53,0.0
2026/05/02,00:00,8.29,0.0,,0.95,0.0
2026/05/03,00:00,13.31,0.0,,1.53,0.0
2026/05/04,00:00,10.45,0.0,,1.2,0.0
2026/05/05,00:00,11.22,0.0,,1.29,0.0
2026/05/06,00:00,10.23,0.0,,1.18,0.0
2026/05/07,00:00,14.18,0.0,,1.63,0.0
2026/05/08,00:00,11.22,0.0,,1.29,0.0
2026/05/09,00:00,14.93,0.0,,1.72,0.0
2026/05/10,00:00,10.39,0.0,,1.19,0.0
2026/05/11,00:00,7.6,0.0,,0.87,0.0
2026/05/12,00:00,9.02,0.0,,1.04,0.0
2026/05/13,00:00,11.67,0.0,,1.34,0.0
2026/05/14,00:00,9.7,0.0,,1.12,0.0
2026/05/15,00:00,11.2,0.0,,1.29,0.0
2026/05/16,00:00,5.88,0.0,,0.68,0.0
2026/05/17,00:00,5.75,0.0,,0.66,0.0
2026/05/18,00:00,11.08,0.0,,1.27,0.0
2026/05/19,00:00,9.65,0.0,,1.11,0.0
2026/05/20,00:00,10.8,0.0,,1.24,0.0
2026/05/21,00:00,9.79,0.0,,1.13,0.0
2026/05/22,00:00,10.33,0.0,,1.19,0.0
2026/05/23,00:00,10.94,0.0,,1.26,0.0
2026/05/24,00:00,10.57,0.0,,1.22,0.0
2026/05/25,00:00,11.88,0.0,,1.37,0.0
2026/05/26,00:00,9.99,0.0,,1.15,0.0
2026/05/27,00:00,8.96,0.0,,1.03,0.0
2026/05/28,00:00,9.27,0.0,,1.07,0.0
2026/05/29,00:00,12.15,0.0,,1.4,0.0
2026/05/30,00:00,20.32,0.0,,2.34,0.0
2026/05/31,00:00,9.71,0.0,,1.12,0.0
2026/06/01,00:00,9.01,0.0,,1.04,0.0
2026/06/02,00:00,11.6,0.0,,1.33,0.0
2026/06/03,00:00,14.5,0.0,,1.67,0.0
2026/06/04,00:00,15.27,0.0,,1.76,0.0
2026/06/05,00:00,16.17,0.0,,1.86,0.0
2026/06/06,00:00,8.26,0.02,,0.95,0.0
2026/06/07,00:00,5.97,0.04,,0.69,0.0
2026/06/08,00:00,6.87,0.08,,0.79,0.0
2026/06/09,00:00,6.57,0.12,,0.76,0.01
2026/06/10,00:00,8.03,0.28,,0.92,0.02
2026/06/11,00:00,6.09,0.15,,0.7,0.01
2026/06/12,00:00,6.33,0.33,,0.73,0.02
2026/06/13,00:00,4.53,0.25,,0.52,0.02
2026/06/14,00:00,8.57,0.27,,0.99,0.02
2026/06/15,00:00,6.79,0.35,,0.78,0.02
2026/06/16,00:00,5.6,0.09,,0.64,0.01
2026/06/17,00:00,6.7,0.3,,0.77,0.02
2026/06/18,00:00,6.16,0.19,,0.71,0.01
2026/06/19,00:00,5.91,0.29,,0.68,0.02
2026/06/20,00:00,3.98,0.25,,0.46,0.01
2026/06/21,00:00,6.11,0.24,,0.7,0.01
2026/06/22,00:00,6.63,0.03,,0.76,0.0
2026/06/23,00:00,7.76,0.28,,0.89,0.02
2026/06/01,01:00,0.246,0,0.079,0.0194,0.0
2026/06/01,02:00,0.26,0,0.079,0.0205,0.0
2026/06/01,03:00,0.131,0,0.079,0.0103,0.0
2026/06/01,04:00,0.234,0,0.079,0.0185,0.0
2026/06/01,05:00,0.222,0,0.079,0.0175,0.0
2026/06/01,06:00,0.226,0,0.079,0.0179,0.0
2026/06/01,07:00,0.246,0,0.079,0.0194,0.0
2026/06/01,08:00,0.161,0,0.116,0.0187,0.0
2026/06/01,09:00,0.104,0,0.195,0.0203,0.0
2026/06/01,10:00,0.143,0,0.195,0.0279,0.0
2026/06/01,11:00,0.15,0,0.195,0.0292,0.0
2026/06/01,12:00,0.169,0,0.195,0.033,0.0
2026/06/01,13:00,0.518,0,0.195,0.101,0.0
2026/06/01,14:00,0.269,0,0.116,0.0312,0.0
2026/06/01,15:00,0.325,0,0.116,0.0377,0.0
2026/06/01,16:00,0.899,0,0.116,0.1043,0.0
2026/06/01,17:00,0.583,0,0.116,0.0676,0.0
2026/06/01,18:00,0.606,0,0.116,0.0703,0.0
2026/06/01,19:00,0.444,0,0.195,0.0866,0.0
2026/06/01,20:00,0.208,0,0.195,0.0406,0.0
2026/06/01,21:00,0.145,0,0.195,0.0283,0.0
2026/06/01,22:00,1.16,0,0.116,0.1346,0.0
2026/06/01,23:00,1.148,0,0.079,0.0907,0.0
2026/06/01,24:00,0.553,0,0.116,0.0641,0.0
2026/06/02,01:00,0.35,0,0.079,0.0276,0.0
2026/06/02,02:00,0.25,0,0.079,0.0198,0.0
2026/06/02,03:00,0.238,0,0.079,0.0188,0.0
2026/06/02,04:00,0.177,0,0.079,0.014,0.0
2026/06/02,05:00,0.156,0,0.079,0.0123,0.0
2026/06/02,06:00,0.261,0,0.079,0.0206,0.0
2026/06/02,07:00,0.735,0,0.079,0.0581,0.0
2026/06/02,08:00,0.173,0,0.116,0.0201,0.0
2026/06/02,09:00,0.137,0,0.195,0.0267,0.0
2026/06/02,10:00,0.237,0,0.195,0.0462,0.0
2026/06/02,11:00,0.412,0,0.195,0.0803,0.0
2026/06/02,12:00,0.619,0,0.195,0.1207,0.0
2026/06/02,13:00,0.499,0,0.195,0.0973,0.0
2026/06/02,14:00,0.468,0,0.116,0.0543,0.0
2026/06/02,15:00,0.784,0,0.116,0.0909,0.0
2026/06/02,16:00,1.119,0,0.116,0.1298,0.0
2026/06/02,17:00,0.409,0,0.116,0.0474,0.0
2026/06/02,18:00,0.288,0,0.116,0.0334,0.0
2026/06/02,19:00,0.22,0,0.195,0.0429,0.0
2026/06/02,20:00,0.207,0,0.195,0.0404,0.0
2026/06/02,21:00,0.956,0,0.195,0.1864,0.0
2026/06/02,22:00,0.857,0,0.116,0.0994,0.0
2026/06/02,23:00,1.492,0,0.079,0.1179,0.0
2026/06/02,24:00,1.111,0,0.116,0.1289,0.0
2026/06/03,01:00,0.282,0,0.079,0.0223,0.0
2026/06/03,02:00,0.181,0,0.079,0.0143,0.0
2026/06/03,03:00,0.167,0,0.079,0.0132,0.0
2026/06/03,04:00,0.161,0,0.079,0.0127,0.0
2026/06/03,05:00,0.163,0,0.079,0.0129,0.0
2026/06/03,06:00,0.246,0,0.079,0.0194,0.0
2026/06/03,07:00,0.247,0,0.079,0.0195,0.0
2026/06/03,08:00,0.152,0,0.116,0.0176,0.0
2026/06/03,09:00,0.17,0,0.195,0.0332,0.0
2026/06/03,10:00,0.145,0,0.195,0.0283,0.0
2026/06/03,11:00,0.178,0,0.195,0.0347,0.0
2026/06/03,12:00,0.222,0,0.195,0.0433,0.0
2026/06/03,13:00,0.184,0,0.195,0.0359,0.0
2026/06/03,14:00,0.331,0,0.116,0.0384,0.0
2026/06/03,15:00,2.46,0,0.116,0.2854,0.0
2026/06/03,16:00,2.06,0,0.116,0.239,0.0
2026/06/03,17:00,1.877,0,0.116,0.2177,0.0
2026/06/03,18:00,0.873,0,0.116,0.1013,0.0
2026/06/03,19:00,0.478,0,0.195,0.0932,0.0
2026/06/03,20:00,0.297,0,0.195,0.0579,0.0
2026/06/03,21:00,0.421,0,0.195,0.0821,0.0
2026/06/03,22:00,1.024,0,0.116,0.1188,0.0
2026/06/03,23:00,1.072,0,0.079,0.0847,0.0
2026/06/03,24:00,1.255,0,0.116,0.1456,0.0
2026/06/04,01:00,0.306,0,0.079,0.0242,0.0
2026/06/04,02:00,0.245,0,0.079,0.0194,0.0
2026/06/04,03:00,0.236,0,0.079,0.0186,0.0
2026/06/04,04:00,0.231,0,0.079,0.0182,0.0
2026/06/04,05:00,0.238,0,0.079,0.0188,0.0
2026/06/04,06:00,0.225,0,0.079,0.0178,0.0
2026/06/04,07:00,0.187,0,0.079,0.0148,0.0
2026/06/04,08:00,0.19,0,0.116,0.022,0.0
2026/06/04,09:00,0.249,0,0.195,0.0486,0.0
2026/06/04,10:00,1.156,0,0.195,0.2254,0.0
2026/06/04,11:00,0.534,0,0.195,0.1041,0.0
2026/06/04,12:00,0.506,0,0.195,0.0987,0.0
2026/06/04,13:00,0.444,0,0.195,0.0866,0.0
2026/06/04,14:00,0.518,0,0.116,0.0601,0.0
2026/06/04,15:00,0.436,0,0.116,0.0506,0.0
2026/06/04,16:00,1.393,0,0.116,0.1616,0.0
2026/06/04,17:00,1.572,0,0.116,0.1824,0.0
2026/06/04,18:00,0.876,0,0.116,0.1016,0.0
2026/06/04,19:00,0.862,0,0.195,0.1681,0.0
2026/06/04,20:00,0.288,0,0.195,0.0562,0.0
2026/06/04,21:00,0.307,0,0.195,0.0599,0.0
2026/06/04,22:00,1.081,0,0.116,0.1254,0.0
2026/06/04,23:00,1.932,0,0.079,0.1526,0.0
2026/06/04,24:00,1.694,0,0.116,0.1965,0.0
2026/06/05,01:00,0.74,0,0.079,0.0585,0.0
2026/06/05,02:00,0.258,0,0.079,0.0204,0.0
2026/06/05,03:00,0.246,0,0.079,0.0194,0.0
2026/06/05,04:00,0.235,0,0.079,0.0186,0.0
2026/06/05,05:00,0.232,0,0.079,0.0183,0.0
2026/06/05,06:00,0.244,0,0.079,0.0193,0.0
2026/06/05,07:00,0.292,0,0.079,0.0231,0.0
2026/06/05,08:00,0.197,0,0.116,0.0229,0.0
2026/06/05,09:00,0.985,0,0.195,0.1921,0.0
2026/06/05,10:00,1.554,0,0.195,0.303,0.0
2026/06/05,11:00,1.22,0,0.195,0.2379,0.0
2026/06/05,12:00,0.523,0,0.195,0.102,0.0
2026/06/05,13:00,0.56,0,0.195,0.1092,0.0
2026/06/05,14:00,0.638,0,0.116,0.074,0.0
2026/06/05,15:00,0.864,0,0.116,0.1002,0.0
2026/06/05,16:00,1.192,0,0.116,0.1383,0.0
2026/06/05,17:00,1.385,0,0.116,0.1607,0.0
2026/06/05,18:00,0.695,0,0.116,0.0806,0.0
2026/06/05,19:00,0.541,0,0.195,0.1055,0.0
2026/06/05,20:00,0.606,0,0.195,0.1182,0.0
2026/06/05,21:00,0.162,0,0.195,0.0316,0.0
2026/06/05,22:00,0.329,0,0.116,0.0382,0.0
2026/06/05,23:00,0.778,0,0.079,0.0615,0.0
2026/06/05,24:00,0.272,0,0.116,0.0316,0.0
2026/06/06,01:00,0.361,0,0.079,0.0285,0.0
2026/06/06,02:00,0.268,0,0.079,0.0212,0.0
2026/06/06,03:00,0.253,0,0.079,0.02,0.0
2026/06/06,04:00,0.228,0,0.079,0.018,0.0
2026/06/06,05:00,0.256,0,0.079,0.0202,0.0
2026/06/06,06:00,0.182,0,0.079,0.0144,0.0
2026/06/06,07:00,0.194,0,0.079,0.0153,0.0
2026/06/06,08:00,0.248,0,0.079,0.0196,0.0
2026/06/06,09:00,0.288,0,0.079,0.0228,0.0
2026/06/06,10:00,0.376,0,0.079,0.0297,0.0
2026/06/06,11:00,0.3,0,0.079,0.0237,0.0
2026/06/06,12:00,0.275,0,0.079,0.0217,0.0
2026/06/06,13:00,0.342,0,0.079,0.027,0.0
2026/06/06,14:00,0.894,0,0.079,0.0706,0.0
2026/06/06,15:00,0.74,0,0.079,0.0585,0.0
2026/06/06,16:00,0.219,0,0.079,0.0173,0.0
2026/06/06,17:00,0.097,0,0.079,0.0077,0.0
2026/06/06,18:00,0.154,0,0.079,0.0122,0.0
2026/06/06,19:00,0.633,0,0.079,0.05,0.0
2026/06/06,20:00,0.193,0,0.079,0.0152,0.0
2026/06/06,21:00,0.379,0,0.079,0.0299,0.0
2026/06/06,22:00,0.755,0,0.079,0.0596,0.0
2026/06/06,23:00,0.354,0,0.079,0.028,0.0
2026/06/06,24:00,0.298,0,0.116,0.0346,0.0
2026/06/07,01:00,0.224,0,0.079,0.0177,0.0
2026/06/07,02:00,0.217,0,0.079,0.0171,0.0
2026/06/07,03:00,0.178,0,0.079,0.0141,0.0
2026/06/07,04:00,0.215,0,0.079,0.017,0.0
2026/06/07,05:00,0.165,0,0.079,0.013,0.0
2026/06/07,06:00,0.236,0,0.079,0.0186,0.0
2026/06/07,07:00,0.242,0,0.079,0.0191,0.0
2026/06/07,08:00,0.319,0,0.079,0.0252,0.0
2026/06/07,09:00,0.057,0,0.079,0.0045,0.0
2026/06/07,10:00,0.054,0,0.079,0.0043,0.0
2026/06/07,11:00,0.23,0,0.079,0.0182,0.0
2026/06/07,12:00,0.093,0,0.079,0.0073,0.0
2026/06/07,13:00,0.086,0,0.079,0.0068,0.0
2026/06/07,14:00,0.492,0,0.079,0.0389,0.0
2026/06/07,15:00,0.098,0,0.079,0.0077,0.0
2026/06/07,16:00,0.091,0,0.079,0.0072,0.0
2026/06/07,17:00,0.086,0,0.079,0.0068,0.0
2026/06/07,18:00,0.099,0,0.079,0.0078,0.0
2026/06/07,19:00,0.693,0,0.079,0.0547,0.0
2026/06/07,20:00,0.118,0,0.079,0.0093,0.0
2026/06/07,21:00,0.076,0,0.079,0.006,0.0
2026/06/07,22:00,1.137,0,0.079,0.0898,0.0
2026/06/07,23:00,0.471,0,0.079,0.0372,0.0
2026/06/07,24:00,0.334,0,0.116,0.0387,0.0
2026/06/08,01:00,0.299,0,0.079,0.0236,0.0
2026/06/08,02:00,0.241,0,0.079,0.019,0.0
2026/06/08,03:00,0.167,0,0.079,0.0132,0.0
2026/06/08,04:00,0.238,0,0.079,0.0188,0.0
2026/06/08,05:00,0.241,0,0.079,0.019,0.0
2026/06/08,06:00,0.444,0,0.079,0.0351,0.0
2026/06/08,07:00,0.168,0,0.079,0.0133,0.0
2026/06/08,08:00,0.361,0,0.116,0.0419,0.0
2026/06/08,09:00,0.172,0,0.195,0.0335,0.0
2026/06/08,10:00,0.066,0,0.195,0.0129,0.0
2026/06/08,11:00,0.182,0,0.195,0.0355,0.0
2026/06/08,12:00,0.099,0,0.195,0.0193,0.0
2026/06/08,13:00,0.393,0,0.195,0.0766,0.0
2026/06/08,14:00,0.352,0,0.116,0.0408,0.0
2026/06/08,15:00,0.389,0,0.116,0.0451,0.0
2026/06/08,16:00,0.09,0,0.116,0.0104,0.0
2026/06/08,17:00,0.248,0,0.116,0.0288,0.0
2026/06/08,18:00,0.102,0,0.116,0.0118,0.0
2026/06/08,19:00,0.203,0,0.195,0.0396,0.0
2026/06/08,20:00,0.35,0,0.195,0.0682,0.0
2026/06/08,21:00,0.118,0,0.195,0.023,0.0
2026/06/08,22:00,0.895,0,0.116,0.1038,0.0
2026/06/08,23:00,0.719,0,0.079,0.0568,0.0
2026/06/08,24:00,1.205,0,0.116,0.1398,0.0
2026/06/09,01:00,0.319,0,0.079,0.0252,0.0
2026/06/09,02:00,0.248,0,0.079,0.0196,0.0
2026/06/09,03:00,0.252,0,0.079,0.0199,0.0
2026/06/09,04:00,0.208,0,0.079,0.0164,0.0
2026/06/09,05:00,0.18,0,0.079,0.0142,0.0
2026/06/09,06:00,0.157,0,0.079,0.0124,0.0
2026/06/09,07:00,0.17,0,0.079,0.0134,0.0
2026/06/09,08:00,0.072,0,0.116,0.0084,0.0
2026/06/09,09:00,0.114,0,0.195,0.0222,0.0
2026/06/09,10:00,0.098,0,0.195,0.0191,0.0
2026/06/09,11:00,0.088,0,0.195,0.0172,0.0
2026/06/09,12:00,0.093,0,0.195,0.0181,0.0
2026/06/09,13:00,0.077,0,0.195,0.015,0.0
2026/06/09,14:00,0.082,0,0.116,0.0095,0.0
2026/06/09,15:00,0.262,0,0.116,0.0304,0.0
2026/06/09,16:00,0.25,0,0.116,0.029,0.0
2026/06/09,17:00,0.156,0,0.116,0.0181,0.0
2026/06/09,18:00,0.112,0,0.116,0.013,0.0
2026/06/09,19:00,0.155,0,0.195,0.0302,0.0
2026/06/09,20:00,0.202,0,0.195,0.0394,0.0
2026/06/09,21:00,0.448,0,0.195,0.0874,0.0
2026/06/09,22:00,0.993,0,0.116,0.1152,0.0
2026/06/09,23:00,0.632,0,0.079,0.0499,0.0
2026/06/09,24:00,0.518,0,0.116,0.0601,0.0
2026/06/10,01:00,0.354,0,0.079,0.028,0.0
2026/06/10,02:00,0.266,0,0.079,0.021,0.0
2026/06/10,03:00,0.234,0,0.079,0.0185,0.0
2026/06/10,04:00,0.148,0,0.079,0.0117,0.0
2026/06/10,05:00,0.221,0,0.079,0.0175,0.0
2026/06/10,06:00,0.233,0,0.079,0.0184,0.0
2026/06/10,07:00,0.538,0,0.079,0.0425,0.0
2026/06/10,08:00,0.054,0,0.116,0.0063,0.0
2026/06/10,09:00,0.054,0,0.195,0.0105,0.0
2026/06/10,10:00,0.107,0,0.195,0.0209,0.0
2026/06/10,11:00,0.116,0,0.195,0.0226,0.0
2026/06/10,12:00,0.101,0,0.195,0.0197,0.0
2026/06/10,13:00,0.199,0,0.195,0.0388,0.0
2026/06/10,14:00,1.167,0,0.116,0.1354,0.0
2026/06/10,15:00,0.345,0,0.116,0.04,0.0
2026/06/10,16:00,0.471,0,0.116,0.0546,0.0
2026/06/10,17:00,0.35,0,0.116,0.0406,0.0
2026/06/10,18:00,0.308,0,0.116,0.0357,0.0
2026/06/10,19:00,0.09,0,0.195,0.0175,0.0
2026/06/10,20:00,0.075,0,0.195,0.0146,0.0
2026/06/10,21:00,0.332,0,0.195,0.0647,0.0
2026/06/10,22:00,1.234,0,0.116,0.1431,0.0
2026/06/10,23:00,0.513,0,0.079,0.0405,0.0
2026/06/10,24:00,0.388,0,0.116,0.045,0.0
2026/06/11,01:00,0.292,0,0.079,0.0231,0.0
2026/06/11,02:00,0.233,0,0.079,0.0184,0.0
2026/06/11,03:00,0.22,0,0.079,0.0174,0.0
2026/06/11,04:00,0.439,0,0.079,0.0347,0.0
2026/06/11,05:00,0.182,0,0.079,0.0144,0.0
2026/06/11,06:00,0.243,0,0.079,0.0192,0.0
2026/06/11,07:00,0.151,0,0.079,0.0119,0.0
2026/06/11,08:00,0.189,0,0.116,0.0219,0.0
2026/06/11,09:00,0.055,0,0.195,0.0107,0.0
2026/06/11,10:00,0.054,0,0.195,0.0105,0.0
2026/06/11,11:00,0.129,0,0.195,0.0252,0.0
2026/06/11,12:00,0.399,0,0.195,0.0778,0.0
2026/06/11,13:00,0.169,0,0.195,0.033,0.0
2026/06/11,14:00,0.088,0,0.116,0.0102,0.0
2026/06/11,15:00,0.159,0,0.116,0.0184,0.0
2026/06/11,16:00,0.203,0,0.116,0.0235,0.0
2026/06/11,17:00,0.126,0,0.116,0.0146,0.0
2026/06/11,18:00,0.111,0,0.116,0.0129,0.0
2026/06/11,19:00,0.111,0,0.195,0.0216,0.0
2026/06/11,20:00,0.286,0,0.195,0.0558,0.0
2026/06/11,21:00,0.088,0,0.195,0.0172,0.0
2026/06/11,22:00,0.906,0,0.116,0.1051,0.0
2026/06/11,23:00,0.87,0,0.079,0.0687,0.0
2026/06/11,24:00,0.37,0,0.116,0.0429,0.0
2026/06/12,01:00,0.32,0,0.079,0.0253,0.0
2026/06/12,02:00,0.24,0,0.079,0.019,0.0
2026/06/12,03:00,0.197,0,0.079,0.0156,0.0
2026/06/12,04:00,0.172,0,0.079,0.0136,0.0
2026/06/12,05:00,0.154,0,0.079,0.0122,0.0
2026/06/12,06:00,0.228,0,0.079,0.018,0.0
2026/06/12,07:00,0.34,0,0.079,0.0269,0.0
2026/06/12,08:00,0.097,0,0.116,0.0113,0.0
2026/06/12,09:00,0.258,0,0.195,0.0503,0.0
2026/06/12,10:00,0.055,0,0.195,0.0107,0.0
2026/06/12,11:00,0.132,0,0.195,0.0257,0.0
2026/06/12,12:00,0.131,0,0.195,0.0255,0.0
2026/06/12,13:00,0.19,0,0.195,0.037,0.0
2026/06/12,14:00,0.565,0,0.116,0.0655,0.0
2026/06/12,15:00,0.269,0,0.116,0.0312,0.0
2026/06/12,16:00,0.155,0,0.116,0.018,0.0
2026/06/12,17:00,0.108,0,0.116,0.0125,0.0
2026/06/12,18:00,0.148,0,0.116,0.0172,0.0
2026/06/12,19:00,0.225,0,0.195,0.0439,0.0
2026/06/12,20:00,0.103,0,0.195,0.0201,0.0
2026/06/12,21:00,0.177,0,0.195,0.0345,0.0
2026/06/12,22:00,1.101,0,0.116,0.1277,0.0
2026/06/12,23:00,0.59,0,0.079,0.0466,0.0
2026/06/12,24:00,0.524,0,0.116,0.0608,0.0
2026/06/13,01:00,0.398,0,0.079,0.0314,0.0
2026/06/13,02:00,0.26,0,0.079,0.0205,0.0
2026/06/13,03:00,0.187,0,0.079,0.0148,0.0
2026/06/13,04:00,0.2,0,0.079,0.0158,0.0
2026/06/13,05:00,0.17,0,0.079,0.0134,0.0
2026/06/13,06:00,0.174,0,0.079,0.0137,0.0
2026/06/13,07:00,0.156,0,0.079,0.0123,0.0
2026/06/13,08:00,0.078,0,0.079,0.0062,0.0
2026/06/13,09:00,0.054,0,0.079,0.0043,0.0
2026/06/13,10:00,0.055,0,0.079,0.0043,0.0
2026/06/13,11:00,0.078,0,0.079,0.0062,0.0
2026/06/13,12:00,0.121,0,0.079,0.0096,0.0
2026/06/13,13:00,0.122,0,0.079,0.0096,0.0
2026/06/13,14:00,0.196,0,0.079,0.0155,0.0
2026/06/13,15:00,0.116,0,0.079,0.0092,0.0
2026/06/13,16:00,0.113,0,0.079,0.0089,0.0
2026/06/13,17:00,0.103,0,0.079,0.0081,0.0
2026/06/13,18:00,0.082,0,0.079,0.0065,0.0
2026/06/13,19:00,0.055,0,0.079,0.0043,0.0
2026/06/13,20:00,0.059,0,0.079,0.0047,0.0
2026/06/13,21:00,0.093,0,0.079,0.0073,0.0
2026/06/13,22:00,0.582,0,0.079,0.046,0.0
2026/06/13,23:00,0.55,0,0.079,0.0435,0.0
2026/06/13,24:00,0.924,0,0.116,0.1072,0.0
2026/06/14,01:00,0.181,0,0.079,0.0143,0.0
2026/06/14,02:00,0.239,0,0.079,0.0189,0.0
2026/06/14,03:00,0.222,0,0.079,0.0175,0.0
2026/06/14,04:00,0.187,0,0.079,0.0148,0.0
2026/06/14,05:00,0.181,0,0.079,0.0143,0.0
2026/06/14,06:00,0.175,0,0.079,0.0138,0.0
2026/06/14,07:00,0.179,0,0.079,0.0141,0.0
2026/06/14,08:00,0.222,0,0.079,0.0175,0.0
2026/06/14,09:00,0.091,0,0.079,0.0072,0.0
2026/06/14,10:00,0.083,0,0.079,0.0066,0.0
2026/06/14,11:00,0.086,0,0.079,0.0068,0.0
2026/06/14,12:00,0.06,0,0.079,0.0047,0.0
2026/06/14,13:00,0.176,0,0.079,0.0139,0.0
2026/06/14,14:00,0.053,0,0.079,0.0042,0.0
2026/06/14,15:00,0.071,0,0.079,0.0056,0.0
2026/06/14,16:00,0.245,0,0.079,0.0194,0.0
2026/06/14,17:00,0.253,0,0.079,0.02,0.0
2026/06/14,18:00,0.114,0,0.079,0.009,0.0
2026/06/14,19:00,0.101,0,0.079,0.008,0.0
2026/06/14,20:00,0.124,0,0.079,0.0098,0.0
2026/06/14,21:00,1.803,0,0.079,0.1424,0.0
2026/06/14,22:00,2.265,0,0.079,0.1789,0.0
2026/06/14,23:00,0.532,0,0.079,0.042,0.0
2026/06/14,24:00,0.493,0,0.116,0.0572,0.0
2026/06/15,01:00,0.309,0,0.079,0.0244,0.0
2026/06/15,02:00,0.25,0,0.079,0.0198,0.0
2026/06/15,03:00,0.249,0,0.079,0.0197,0.0
2026/06/15,04:00,0.226,0,0.079,0.0179,0.0
2026/06/15,05:00,0.148,0,0.079,0.0117,0.0
2026/06/15,06:00,0.471,0,0.079,0.0372,0.0
2026/06/15,07:00,0.272,0,0.079,0.0215,0.0
2026/06/15,08:00,0.07,0,0.116,0.0081,0.0
2026/06/15,09:00,0.053,0,0.195,0.0103,0.0
2026/06/15,10:00,0.088,0,0.195,0.0172,0.0
2026/06/15,11:00,0.108,0,0.195,0.0211,0.0
2026/06/15,12:00,0.237,0,0.195,0.0462,0.0
2026/06/15,13:00,0.365,0,0.195,0.0712,0.0
2026/06/15,14:00,0.343,0,0.116,0.0398,0.0
2026/06/15,15:00,0.16,0,0.116,0.0186,0.0
2026/06/15,16:00,0.151,0,0.116,0.0175,0.0
2026/06/15,17:00,0.118,0,0.116,0.0137,0.0
2026/06/15,18:00,0.123,0,0.116,0.0143,0.0
2026/06/15,19:00,0.1,0,0.195,0.0195,0.0
2026/06/15,20:00,0.065,0,0.195,0.0127,0.0
2026/06/15,21:00,0.282,0,0.195,0.055,0.0
2026/06/15,22:00,1.607,0,0.116,0.1864,0.0
2026/06/15,23:00,0.501,0,0.079,0.0396,0.0
2026/06/15,24:00,0.401,0,0.116,0.0465,0.0
2026/06/16,01:00,0.315,0,0.079,0.0249,0.0
2026/06/16,02:00,0.259,0,0.079,0.0205,0.0
2026/06/16,03:00,0.176,0,0.079,0.0139,0.0
2026/06/16,04:00,0.201,0,0.079,0.0159,0.0
2026/06/16,05:00,0.161,0,0.079,0.0127,0.0
2026/06/16,06:00,0.262,0,0.079,0.0207,0.0
2026/06/16,07:00,0.237,0,0.079,0.0187,0.0
2026/06/16,08:00,0.33,0,0.116,0.0383,0.0
2026/06/16,09:00,0.052,0,0.195,0.0101,0.0
2026/06/16,10:00,0.056,0,0.195,0.0109,0.0
2026/06/16,11:00,0.053,0,0.195,0.0103,0.0
2026/06/16,12:00,0.054,0,0.195,0.0105,0.0
2026/06/16,13:00,0.06,0,0.195,0.0117,0.0
2026/06/16,14:00,0.465,0,0.116,0.0539,0.0
2026/06/16,15:00,0.156,0,0.116,0.0181,0.0
2026/06/16,16:00,0.114,0,0.116,0.0132,0.0
2026/06/16,17:00,0.09,0,0.116,0.0104,0.0
2026/06/16,18:00,0.112,0,0.116,0.013,0.0
2026/06/16,19:00,0.109,0,0.195,0.0213,0.0
2026/06/16,20:00,0.076,0,0.195,0.0148,0.0
2026/06/16,21:00,0.088,0,0.195,0.0172,0.0
2026/06/16,22:00,0.528,0,0.116,0.0612,0.0
2026/06/16,23:00,1.246,0,0.079,0.0984,0.0
2026/06/16,24:00,0.576,0,0.116,0.0668,0.0
2026/06/17,01:00,0.357,0,0.079,0.0282,0.0
2026/06/17,02:00,0.272,0,0.079,0.0215,0.0
2026/06/17,03:00,0.245,0,0.079,0.0194,0.0
2026/06/17,04:00,0.21,0,0.079,0.0166,0.0
2026/06/17,05:00,0.15,0,0.079,0.0118,0.0
2026/06/17,06:00,0.225,0,0.079,0.0178,0.0
2026/06/17,07:00,0.294,0,0.079,0.0232,0.0
2026/06/17,08:00,0.06,0,0.116,0.007,0.0
2026/06/17,09:00,0.054,0,0.195,0.0105,0.0
2026/06/17,10:00,0.412,0,0.195,0.0803,0.0
2026/06/17,11:00,0.159,0,0.195,0.031,0.0
2026/06/17,12:00,0.119,0,0.195,0.0232,0.0
2026/06/17,13:00,0.116,0,0.195,0.0226,0.0
2026/06/17,14:00,0.454,0,0.116,0.0527,0.0
2026/06/17,15:00,0.521,0,0.116,0.0604,0.0
2026/06/17,16:00,0.129,0,0.116,0.015,0.0
2026/06/17,17:00,0.133,0,0.116,0.0154,0.0
2026/06/17,18:00,0.126,0,0.116,0.0146,0.0
2026/06/17,19:00,0.077,0,0.195,0.015,0.0
2026/06/17,20:00,0.089,0,0.195,0.0174,0.0
2026/06/17,21:00,0.222,0,0.195,0.0433,0.0
2026/06/17,22:00,1.133,0,0.116,0.1314,0.0
2026/06/17,23:00,0.568,0,0.079,0.0449,0.0
2026/06/17,24:00,0.576,0,0.116,0.0668,0.0
2026/06/18,01:00,0.235,0,0.079,0.0186,0.0
2026/06/18,02:00,0.236,0,0.079,0.0186,0.0
2026/06/18,03:00,0.187,0,0.079,0.0148,0.0
2026/06/18,04:00,0.221,0,0.079,0.0175,0.0
2026/06/18,05:00,0.187,0,0.079,0.0148,0.0
2026/06/18,06:00,0.261,0,0.079,0.0206,0.0
2026/06/18,07:00,0.17,0,0.079,0.0134,0.0
2026/06/18,08:00,0.269,0,0.116,0.0312,0.0
2026/06/18,09:00,0.102,0,0.195,0.0199,0.0
2026/06/18,10:00,0.088,0,0.195,0.0172,0.0
2026/06/18,11:00,0.09,0,0.195,0.0175,0.0
2026/06/18,12:00,0.103,0,0.195,0.0201,0.0
2026/06/18,13:00,0.102,0,0.195,0.0199,0.0
2026/06/18,14:00,0.131,0,0.116,0.0152,0.0
2026/06/18,15:00,0.134,0,0.116,0.0155,0.0
2026/06/18,16:00,0.114,0,0.116,0.0132,0.0
2026/06/18,17:00,0.088,0,0.116,0.0102,0.0
2026/06/18,18:00,0.122,0,0.116,0.0142,0.0
2026/06/18,19:00,0.066,0,0.195,0.0129,0.0
2026/06/18,20:00,0.055,0,0.195,0.0107,0.0
2026/06/18,21:00,0.136,0,0.195,0.0265,0.0
2026/06/18,22:00,0.774,0,0.116,0.0898,0.0
2026/06/18,23:00,1.711,0,0.079,0.1352,0.0
2026/06/18,24:00,0.499,0,0.116,0.0579,0.0
2026/06/19,01:00,0.326,0,0.079,0.0258,0.0
2026/06/19,02:00,0.266,0,0.079,0.021,0.0
2026/06/19,03:00,0.19,0,0.079,0.015,0.0
2026/06/19,04:00,0.254,0,0.079,0.0201,0.0
2026/06/19,05:00,0.218,0,0.079,0.0172,0.0
2026/06/19,06:00,0.241,0,0.079,0.019,0.0
2026/06/19,07:00,0.269,0,0.079,0.0213,0.0
2026/06/19,08:00,0.071,0,0.116,0.0082,0.0
2026/06/19,09:00,0.054,0,0.195,0.0105,0.0
2026/06/19,10:00,0.054,0,0.195,0.0105,0.0
2026/06/19,11:00,0.098,0,0.195,0.0191,0.0
2026/06/19,12:00,0.14,0,0.195,0.0273,0.0
2026/06/19,13:00,0.326,0,0.195,0.0636,0.0
2026/06/19,14:00,0.303,0,0.116,0.0351,0.0
2026/06/19,15:00,0.295,0,0.116,0.0342,0.0
2026/06/19,16:00,0.286,0,0.116,0.0332,0.0
2026/06/19,17:00,0.24,0,0.116,0.0278,0.0
2026/06/19,18:00,0.107,0,0.116,0.0124,0.0
2026/06/19,19:00,0.148,0,0.195,0.0289,0.0
2026/06/19,20:00,0.055,0,0.195,0.0107,0.0
2026/06/19,21:00,0.144,0,0.195,0.0281,0.0
2026/06/19,22:00,0.619,0,0.116,0.0718,0.0
2026/06/19,23:00,0.704,0,0.079,0.0556,0.0
2026/06/19,24:00,0.516,0,0.116,0.0599,0.0
2026/06/20,01:00,0.348,0,0.079,0.0275,0.0
2026/06/20,02:00,0.226,0,0.079,0.0179,0.0
2026/06/20,03:00,0.169,0,0.079,0.0134,0.0
2026/06/20,04:00,0.436,0,0.079,0.0344,0.0
2026/06/20,05:00,0.192,0,0.079,0.0152,0.0
2026/06/20,06:00,0.172,0,0.079,0.0136,0.0
2026/06/20,07:00,0.209,0,0.079,0.0165,0.0
2026/06/20,08:00,0.073,0,0.079,0.0058,0.0
2026/06/20,09:00,0.054,0,0.079,0.0043,0.0
2026/06/20,10:00,0.057,0,0.079,0.0045,0.0
2026/06/20,11:00,0.116,0,0.079,0.0092,0.0
2026/06/20,12:00,0.107,0,0.079,0.0085,0.0
2026/06/20,13:00,0.116,0,0.079,0.0092,0.0
2026/06/20,14:00,0.104,0,0.079,0.0082,0.0
2026/06/20,15:00,0.102,0,0.079,0.0081,0.0
2026/06/20,16:00,0.08,0,0.079,0.0063,0.0
2026/06/20,17:00,0.09,0,0.079,0.0071,0.0
2026/06/20,18:00,0.093,0,0.079,0.0073,0.0
2026/06/20,19:00,0.073,0,0.079,0.0058,0.0
2026/06/20,20:00,0.053,0,0.079,0.0042,0.0
2026/06/20,21:00,0.083,0,0.079,0.0066,0.0
2026/06/20,22:00,0.132,0,0.079,0.0104,0.0
2026/06/20,23:00,0.376,0,0.079,0.0297,0.0
2026/06/20,24:00,0.343,0,0.116,0.0398,0.0
2026/06/21,01:00,0.274,0,0.079,0.0216,0.0
2026/06/21,02:00,0.248,0,0.079,0.0196,0.0
2026/06/21,03:00,0.219,0,0.079,0.0173,0.0
2026/06/21,04:00,0.22,0,0.079,0.0174,0.0
2026/06/21,05:00,0.22,0,0.079,0.0174,0.0
2026/06/21,06:00,0.213,0,0.079,0.0168,0.0
2026/06/21,07:00,0.4,0,0.079,0.0316,0.0
2026/06/21,08:00,0.26,0,0.079,0.0205,0.0
2026/06/21,09:00,0.099,0,0.079,0.0078,0.0
2026/06/21,10:00,0.092,0,0.079,0.0073,0.0
2026/06/21,11:00,0.084,0,0.079,0.0066,0.0
2026/06/21,12:00,0.074,0,0.079,0.0058,0.0
2026/06/21,13:00,0.054,0,0.079,0.0043,0.0
2026/06/21,14:00,0.055,0,0.079,0.0043,0.0
2026/06/21,15:00,0.179,0,0.079,0.0141,0.0
2026/06/21,16:00,0.113,0,0.079,0.0089,0.0
2026/06/21,17:00,0.107,0,0.079,0.0085,0.0
2026/06/21,18:00,0.11,0,0.079,0.0087,0.0
2026/06/21,19:00,0.324,0,0.079,0.0256,0.0
2026/06/21,20:00,1.056,0,0.079,0.0834,0.0
2026/06/21,21:00,0.399,0,0.079,0.0315,0.0
2026/06/21,22:00,0.588,0,0.079,0.0465,0.0
2026/06/21,23:00,0.383,0,0.079,0.0303,0.0
2026/06/21,24:00,0.407,0,0.116,0.0472,0.0
2026/06/22,01:00,0.32,0,0.079,0.0253,0.0
2026/06/22,02:00,0.189,0,0.079,0.0149,0.0
2026/06/22,03:00,0.219,0,0.079,0.0173,0.0
2026/06/22,04:00,0.21,0,0.079,0.0166,0.0
2026/06/22,05:00,0.22,0,0.079,0.0174,0.0
2026/06/22,06:00,0.228,0,0.079,0.018,0.0
2026/06/22,07:00,0.475,0,0.079,0.0375,0.0
2026/06/22,08:00,0.078,0,0.116,0.009,0.0
2026/06/22,09:00,0.064,0,0.195,0.0125,0.0
2026/06/22,10:00,0.055,0,0.195,0.0107,0.0
2026/06/22,11:00,0.055,0,0.195,0.0107,0.0
2026/06/22,12:00,0.057,0,0.195,0.0111,0.0
2026/06/22,13:00,0.055,0,0.195,0.0107,0.0
2026/06/22,14:00,0.068,0,0.116,0.0079,0.0
2026/06/22,15:00,0.103,0,0.116,0.0119,0.0
2026/06/22,16:00,0.439,0,0.116,0.0509,0.0
2026/06/22,17:00,0.226,0,0.116,0.0262,0.0
2026/06/22,18:00,0.161,0,0.116,0.0187,0.0
2026/06/22,19:00,0.328,0,0.195,0.064,0.0
2026/06/22,20:00,0.454,0,0.195,0.0885,0.0
2026/06/22,21:00,0.152,0,0.195,0.0296,0.0
2026/06/22,22:00,1.07,0,0.116,0.1241,0.0
2026/06/22,23:00,0.994,0,0.079,0.0785,0.0
2026/06/22,24:00,0.619,0,0.116,0.0718,0.0
2026/06/23,01:00,0.374,0,0.079,0.0295,0.0
2026/06/23,02:00,0.253,0,0.079,0.02,0.0
2026/06/23,03:00,0.2,0,0.079,0.0158,0.0
2026/06/23,04:00,0.227,0,0.079,0.0179,0.0
2026/06/23,05:00,0.2,0,0.079,0.0158,0.0
2026/06/23,06:00,0.263,0,0.079,0.0208,0.0
2026/06/23,07:00,0.26,0,0.079,0.0205,0.0
2026/06/23,08:00,0.068,0,0.116,0.0079,0.0
2026/06/23,09:00,0.056,0,0.195,0.0109,0.0
2026/06/23,10:00,0.1,0,0.195,0.0195,0.0
2026/06/23,11:00,0.089,0,0.195,0.0174,0.0
2026/06/23,12:00,0.082,0,0.195,0.016,0.0
2026/06/23,13:00,0.089,0,0.195,0.0174,0.0
2026/06/23,14:00,0.077,0,0.116,0.0089,0.0
2026/06/23,15:00,0.345,0,0.116,0.04,0.0
2026/06/23,16:00,0.428,0,0.116,0.0496,0.0
2026/06/23,17:00,0.351,0,0.116,0.0407,0.0
2026/06/23,18:00,0.259,0,0.116,0.03,0.0
2026/06/23,19:00,0.476,0,0.195,0.0928,0.0
2026/06/23,20:00,0.064,0,0.195,0.0125,0.0
2026/06/23,21:00,0.096,0,0.195,0.0187,0.0
2026/06/23,22:00,0.802,0,0.116,0.093,0.0
2026/06/23,23:00,1.987,0,0.079,0.157,0.0
2026/06/23,24:00,0.819,0,0.116,0.095,0.0
2026/06/24,01:00,0.374,0,0.079,0.0295,0.0
2026/06/24,02:00,0.316,0,0.079,0.025,0.0
2026/06/24,03:00,0.278,0,0.079,0.022,0.0
2026/06/24,04:00,0.257,0,0.079,0.0203,0.0
2026/06/24,05:00,0.246,0,0.079,0.0194,0.0
2026/06/24,06:00,0.242,0,0.079,0.0191,0.0
2026/06/24,07:00,0.243,0,0.079,0.0192,0.0
2026/06/24,08:00,0.261,0,0.116,0.0303,0.0
2026/06/24,09:00,0,0,0.195,0.0,0.0
2026/06/24,10:00,0,0,0.195,0.0,0.0
2026/06/24,11:00,0,0,0.195,0.0,0.0
2026/06/24,12:00,0,0,0.195,0.0,0.0
2026/06/24,13:00,0,0,0.195,0.0,0.0
2026/06/24,14:00,0,0,0.116,0.0,0.0
2026/06/24,15:00,0,0,0.116,0.0,0.0
2026/06/24,16:00,0,0,0.116,0.0,0.0
2026/06/24,17:00,0,0,0.116,0.0,0.0
2026/06/24,18:00,0,0,0.116,0.0,0.0
2026/06/24,19:00,0,0,0.195,0.0,0.0
2026/06/24,20:00,0,0,0.195,0.0,0.0
2026/06/24,21:00,0,0,0.195,0.0,0.0
2026/06/24,22:00,0,0,0.116,0.0,0.0
2026/06/24,23:00,0,0,0.079,0.0,0.0
2026/06/24,24:00,0,0,0.116,0.0,0.0
2026/06/25,01:00,0.341,0,0.079,0.0269,0.0
2026/06/25,02:00,0.199,0,0.079,0.0157,0.0
2026/06/25,03:00,0.243,0,0.079,0.0192,0.0
2026/06/25,04:00,0.261,0,0.079,0.0206,0.0
2026/06/25,05:00,0.252,0,0.079,0.0199,0.0
2026/06/25,06:00,0.248,0,0.079,0.0196,0.0
2026/06/25,07:00,0.28,0,0.079,0.0221,0.0
2026/06/25,08:00,0,0.047,0.116,0.0,0.0028
2026/06/25,09:00,0,0.668,0.195,0.0,0.0401
2026/06/25,10:00,0,1.682,0.195,0.0,0.1009
2026/06/25,11:00,0,2.722,0.195,0.0,0.1633
2026/06/25,12:00,0,3.538,0.195,0.0,0.2123
2026/06/25,13:00,0,3.471,0.195,0.0,0.2083
2026/06/25,14:00,0,3.618,0.116,0.0,0.2171
2026/06/25,15:00,0,3.409,0.116,0.0,0.2045
2026/06/25,16:00,0,1.767,0.116,0.0,0.106
2026/06/25,17:00,0,1.4,0.116,0.0,0.084
2026/06/25,18:00,0,1.403,0.116,0.0,0.0842
2026/06/25,19:00,0,0.329,0.195,0.0,0.0197
2026/06/25,20:00,0,0.465,0.195,0.0,0.0279
2026/06/25,21:00,0,0.008,0.195,0.0,0.0005
2026/06/25,22:00,1.76,0,0.116,0.2042,0.0
2026/06/25,23:00,0.968,0,0.079,0.0765,0.0
2026/06/25,24:00,0.922,0,0.116,0.107,0.0
2026/06/26,01:00,0.588,0,0.079,0.0465,0.0
2026/06/26,02:00,0.308,0,0.079,0.0243,0.0
2026/06/26,03:00,0.292,0,0.079,0.0231,0.0
2026/06/26,04:00,0.24,0,0.079,0.019,0.0
2026/06/26,05:00,0.263,0,0.079,0.0208,0.0
2026/06/26,06:00,0.246,0,0.079,0.0194,0.0
2026/06/26,07:00,0.242,0,0.079,0.0191,0.0
2026/06/26,08:00,0.181,0,0.116,0.021,0.0
2026/06/26,09:00,0,0.64,0.195,0.0,0.0384
2026/06/26,10:00,0,1.109,0.195,0.0,0.0665
2026/06/26,11:00,0,2.013,0.195,0.0,0.1208
2026/06/26,12:00,0,3.112,0.195,0.0,0.1867
2026/06/26,13:00,0,2.725,0.195,0.0,0.1635
2026/06/26,14:00,0,2.523,0.116,0.0,0.1514
2026/06/26,15:00,0,2.198,0.116,0.0,0.1319
2026/06/26,16:00,0,2.469,0.116,0.0,0.1481
2026/06/26,17:00,0,1.8,0.116,0.0,0.108
2026/06/26,18:00,0,1.861,0.116,0.0,0.1117
2026/06/26,19:00,0.142,0,0.195,0.0277,0.0
2026/06/26,20:00,0.131,0,0.195,0.0255,0.0
2026/06/26,21:00,0.028,0,0.195,0.0055,0.0
2026/06/26,22:00,0.776,0,0.116,0.09,0.0
2026/06/26,23:00,1.704,0,0.079,0.1346,0.0
2026/06/26,24:00,1.691,0,0.116,0.1962,0.0
2026/06/27,01:00,1.223,0,0.079,0.0966,0.0
2026/06/27,02:00,0.744,0,0.079,0.0588,0.0
2026/06/27,03:00,0.252,0,0.079,0.0199,0.0
2026/06/27,04:00,0.199,0,0.079,0.0157,0.0
2026/06/27,05:00,0.203,0,0.079,0.016,0.0
2026/06/27,06:00,0.184,0,0.079,0.0145,0.0
2026/06/27,07:00,0.2,0,0.079,0.0158,0.0
2026/06/27,08:00,0,0.035,0.079,0.0,0.0021
2026/06/27,09:00,0,0.784,0.079,0.0,0.047
2026/06/27,10:00,0,1.307,0.079,0.0,0.0784
2026/06/27,11:00,0,1.993,0.079,0.0,0.1196
2026/06/27,12:00,0,2.623,0.079,0.0,0.1574
2026/06/27,13:00,0,3.489,0.079,0.0,0.2093
2026/06/27,14:00,0,3.778,0.079,0.0,0.2267
2026/06/27,15:00,0,3.94,0.079,0.0,0.2364
2026/06/27,16:00,0,2.369,0.079,0.0,0.1421
2026/06/27,17:00,0,1.959,0.079,0.0,0.1175
2026/06/27,18:00,0,1.078,0.079,0.0,0.0647
2026/06/27,19:00,0,0.066,0.079,0.0,0.004
2026/06/27,20:00,0.256,0,0.079,0.0202,0.0
2026/06/27,21:00,0.174,0,0.079,0.0137,0.0
2026/06/27,22:00,0.692,0,0.079,0.0547,0.0
2026/06/27,23:00,0.339,0,0.079,0.0268,0.0
2026/06/27,24:00,0.281,0,0.116,0.0326,0.0
2026/06/28,01:00,1.053,0,0.079,0.0832,0.0
2026/06/28,02:00,0.924,0,0.079,0.073,0.0
2026/06/28,03:00,0.811,0,0.079,0.0641,0.0
2026/06/28,04:00,0.849,0,0.079,0.0671,0.0
2026/06/28,05:00,0.807,0,0.079,0.0638,0.0
2026/06/28,06:00,0.771,0,0.079,0.0609,0.0
2026/06/28,07:00,0.777,0,0.079,0.0614,0.0
2026/06/28,08:00,0.392,0,0.079,0.031,0.0
2026/06/28,09:00,0,0.132,0.079,0.0,0.0079
2026/06/28,10:00,0,0.628,0.079,0.0,0.0377
2026/06/28,11:00,0,0.865,0.079,0.0,0.0519
2026/06/28,12:00,0,1.004,0.079,0.0,0.0602
2026/06/28,13:00,0,0.4,0.079,0.0,0.024
2026/06/28,14:00,0,1.738,0.079,0.0,0.1043
2026/06/28,15:00,0,2.585,0.079,0.0,0.1551
2026/06/28,16:00,0,2.962,0.079,0.0,0.1777
2026/06/28,17:00,0,2.118,0.079,0.0,0.1271
2026/06/28,18:00,0.585,0,0.079,0.0462,0.0
2026/06/28,19:00,0.559,0,0.079,0.0442,0.0
2026/06/28,20:00,0,0.188,0.079,0.0,0.0113
2026/06/28,21:00,0.669,0,0.079,0.0529,0.0
2026/06/28,22:00,0.199,0,0.079,0.0157,0.0
2026/06/28,23:00,0.243,0,0.079,0.0192,0.0
2026/06/28,24:00,0.477,0,0.116,0.0553,0.0
2026/06/29,01:00,1.833,0,0.079,0.1448,0.0
2026/06/29,02:00,0.553,0,0.079,0.0437,0.0
2026/06/29,03:00,0.238,0,0.079,0.0188,0.0
2026/06/29,04:00,0.214,0,0.079,0.0169,0.0
2026/06/29,05:00,0.221,0,0.079,0.0175,0.0
2026/06/29,06:00,0.218,0,0.079,0.0172,0.0
2026/06/29,07:00,0.194,0,0.079,0.0153,0.0
2026/06/29,08:00,0.09,0,0.116,0.0104,0.0
2026/06/29,09:00,0,0.654,0.195,0.0,0.0392
2026/06/29,10:00,0,1.341,0.195,0.0,0.0805
2026/06/29,11:00,0,2.265,0.195,0.0,0.1359
2026/06/29,12:00,0,3.302,0.195,0.0,0.1981
2026/06/29,13:00,0,4.045,0.195,0.0,0.2427
2026/06/29,14:00,0,4.377,0.116,0.0,0.2626
2026/06/29,15:00,0,3.353,0.116,0.0,0.2012
2026/06/29,16:00,0,2.948,0.116,0.0,0.1769
2026/06/29,17:00,0,1.974,0.116,0.0,0.1184
2026/06/29,18:00,0,1.656,0.116,0.0,0.0994
2026/06/29,19:00,0,1.422,0.195,0.0,0.0853
2026/06/29,20:00,0,0.417,0.195,0.0,0.025
2026/06/29,21:00,0.053,0,0.195,0.0103,0.0
2026/06/29,22:00,2.005,0,0.116,0.2326,0.0
2026/06/29,23:00,1.825,0,0.079,0.1442,0.0
2026/06/29,24:00,0.914,0,0.116,0.106,0.0
2026/06/30,01:00,0.228,0,0.079,0.018,0.0
2026/06/30,02:00,0.214,0,0.079,0.0169,0.0
2026/06/30,03:00,0.188,0,0.079,0.0149,0.0
2026/06/30,04:00,0.213,0,0.079,0.0168,0.0
2026/06/30,05:00,0.155,0,0.079,0.0122,0.0
2026/06/30,06:00,0.259,0,0.079,0.0205,0.0
2026/06/30,07:00,0.238,0,0.079,0.0188,0.0
2026/06/30,08:00,0,0.081,0.116,0.0,0.0049
2026/06/30,09:00,0,0.673,0.195,0.0,0.0404
2026/06/30,10:00,0,1.538,0.195,0.0,0.0923
2026/06/30,11:00,0,2.805,0.195,0.0,0.1683
2026/06/30,12:00,0,3.522,0.195,0.0,0.2113
2026/06/30,13:00,0,4.141,0.195,0.0,0.2485
2026/06/30,14:00,0,4.371,0.116,0.0,0.2623
2026/06/30,15:00,0,4.34,0.116,0.0,0.2604
2026/06/30,16:00,0,3.665,0.116,0.0,0.2199
2026/06/30,17:00,0,1.929,0.116,0.0,0.1157
2026/06/30,18:00,0,1.062,0.116,0.0,0.0637
2026/06/30,19:00,0,0.518,0.195,0.0,0.0311
2026/06/30,20:00,0,0.429,0.195,0.0,0.0257
2026/06/30,21:00,0.055,0,0.195,0.0107,0.0
2026/06/30,22:00,0.303,0,0.116,0.0351,0.0
2026/06/30,23:00,0.33,0,0.079,0.0261,0.0
2026/06/30,24:00,0.682,0,0.116,0.0791,0.0
2026/07/01,01:00,1.061,0,0.079,0.0838,0.0
2026/07/01,02:00,0.91,0,0.079,0.0719,0.0
2026/07/01,03:00,0.323,0,0.079,0.0255,0.0
2026/07/01,04:00,0.323,0,0.079,0.0255,0.0
2026/07/01,05:00,0.288,0,0.079,0.0228,0.0
2026/07/01,06:00,0.341,0,0.079,0.0269,0.0
2026/07/01,07:00,0.265,0,0.079,0.0209,0.0
2026/07/01,08:00,0.12,0,0.116,0.0139,0.0
2026/07/01,09:00,0.193,0,0.195,0.0376,0.0
2026/07/01,10:00,0.132,0,0.195,0.0257,0.0
2026/07/01,11:00,0.072,0,0.195,0.014,0.0
2026/07/01,12:00,0.001,0,0.195,0.0002,0.0
2026/07/01,13:00,0,0,0.195,0.0,0.0
2026/07/01,14:00,0,0,0.116,0.0,0.0
2026/07/01,15:00,0,0,0.116,0.0,0.0
2026/07/01,16:00,0.003,0,0.116,0.0003,0.0
2026/07/01,17:00,0.042,0,0.116,0.0049,0.0
2026/07/01,18:00,0.013,0,0.116,0.0015,0.0
2026/07/01,19:00,0.303,0,0.195,0.0591,0.0
2026/07/01,20:00,0.014,0,0.195,0.0027,0.0
2026/07/01,21:00,0.027,0,0.195,0.0053,0.0
2026/07/01,22:00,1.507,0,0.116,0.1748,0.0
2026/07/01,23:00,1.183,0,0.079,0.0935,0.0
2026/07/01,24:00,1.255,0,0.116,0.1456,0.0
2026/07/02,01:00,0.798,0,0.079,0.063,0.0
2026/07/02,02:00,0.839,0,0.079,0.0663,0.0
2026/07/02,03:00,0.87,0,0.079,0.0687,0.0
2026/07/02,04:00,0.891,0,0.079,0.0704,0.0
2026/07/02,05:00,0.919,0,0.079,0.0726,0.0
2026/07/02,06:00,0.528,0,0.079,0.0417,0.0
2026/07/02,07:00,0.232,0,0.079,0.0183,0.0
2026/07/02,08:00,0.03,0,0.116,0.0035,0.0
2026/07/02,09:00,0,0,0.195,0.0,0.0
2026/07/02,10:00,0,0,0.195,0.0,0.0
2026/07/02,11:00,0,0,0.195,0.0,0.0
2026/07/02,12:00,0,0,0.195,0.0,0.0
2026/07/02,13:00,0,0,0.195,0.0,0.0
2026/07/02,14:00,0,0,0.116,0.0,0.0
2026/07/02,15:00,0,0,0.116,0.0,0.0
2026/07/02,16:00,0.005,0,0.116,0.0006,0.0
2026/07/02,17:00,0.131,0,0.116,0.0152,0.0
2026/07/02,18:00,0.013,0,0.116,0.0015,0.0
2026/07/02,19:00,0.445,0,0.195,0.0868,0.0
2026/07/02,20:00,0.914,0,0.195,0.1782,0.0
2026/07/02,21:00,0.018,0,0.195,0.0035,0.0
2026/07/02,22:00,0.157,0,0.116,0.0182,0.0
2026/07/02,23:00,0.409,0,0.079,0.0323,0.0
2026/07/02,24:00,1.167,0,0.116,0.1354,0.0
2026/07/03,01:00,0.796,0,0.079,0.0629,0.0
2026/07/03,02:00,0.731,0,0.079,0.0577,0.0
2026/07/03,03:00,0.865,0,0.079,0.0683,0.0
2026/07/03,04:00,0.725,0,0.079,0.0573,0.0
2026/07/03,05:00,0.783,0,0.079,0.0619,0.0
2026/07/03,06:00,0.51,0,0.079,0.0403,0.0
2026/07/03,07:00,0.175,0,0.079,0.0138,0.0
2026/07/03,08:00,0.068,0,0.116,0.0079,0.0
2026/07/03,09:00,0,0,0.195,0.0,0.0
2026/07/03,10:00,0,0,0.195,0.0,0.0
2026/07/03,11:00,0,0,0.195,0.0,0.0
2026/07/03,12:00,0,0,0.195,0.0,0.0
2026/07/03,13:00,0,0,0.195,0.0,0.0
2026/07/03,14:00,0,0,0.116,0.0,0.0
2026/07/03,15:00,0,0,0.116,0.0,0.0
2026/07/03,16:00,0,0,0.116,0.0,0.0
2026/07/03,17:00,0,0,0.116,0.0,0.0
2026/07/03,18:00,0.005,0,0.116,0.0006,0.0
2026/07/03,19:00,0.136,0,0.195,0.0265,0.0
2026/07/03,20:00,0,0,0.195,0.0,0.0
2026/07/03,21:00,0.084,0,0.195,0.0164,0.0
2026/07/03,22:00,1.801,0,0.116,0.2089,0.0
2026/07/03,23:00,1.624,0,0.079,0.1283,0.0
2026/07/03,24:00,1.313,0,0.116,0.1523,0.0
2026/07/04,01:00,0.607,0,0.079,0.048,0.0
2026/07/04,02:00,0.459,0,0.079,0.0363,0.0
2026/07/04,03:00,0.888,0,0.079,0.0702,0.0
2026/07/04,04:00,0.651,0,0.079,0.0514,0.0
2026/07/04,05:00,0.718,0,0.079,0.0567,0.0
2026/07/04,06:00,0.531,0,0.079,0.0419,0.0
2026/07/04,07:00,0.575,0,0.079,0.0454,0.0
2026/07/04,08:00,0.075,0,0.079,0.0059,0.0
2026/07/04,09:00,0,0,0.079,0.0,0.0
2026/07/04,10:00,0,0,0.079,0.0,0.0
2026/07/04,11:00,0,0,0.079,0.0,0.0
2026/07/04,12:00,0,0,0.079,0.0,0.0
2026/07/04,13:00,0.028,0,0.079,0.0022,0.0
2026/07/04,14:00,0.013,0,0.079,0.001,0.0
2026/07/04,15:00,0,0,0.079,0.0,0.0
2026/07/04,16:00,0.007,0,0.079,0.0006,0.0
2026/07/04,17:00,0.037,0,0.079,0.0029,0.0
2026/07/04,18:00,0.039,0,0.079,0.0031,0.0
2026/07/04,19:00,0.426,0,0.079,0.0337,0.0
2026/07/04,20:00,0.34,0,0.079,0.0269,0.0
2026/07/04,21:00,0.037,0,0.079,0.0029,0.0
2026/07/04,22:00,1.2,0,0.079,0.0948,0.0
2026/07/04,23:00,1.048,0,0.079,0.0828,0.0
2026/07/04,24:00,1.085,0,0.116,0.1259,0.0
2026/07/05,01:00,1.239,0,0.079,0.0979,0.0
2026/07/05,02:00,0.606,0,0.079,0.0479,0.0
2026/07/05,03:00,0.789,0,0.079,0.0623,0.0
2026/07/05,04:00,0.745,0,0.079,0.0589,0.0
2026/07/05,05:00,0.22,0,0.079,0.0174,0.0
2026/07/05,06:00,0.187,0,0.079,0.0148,0.0
2026/07/05,07:00,0.184,0,0.079,0.0145,0.0
2026/07/05,08:00,0.04,0,0.079,0.0032,0.0
2026/07/05,09:00,0,0,0.079,0.0,0.0
2026/07/05,10:00,0,0,0.079,0.0,0.0
2026/07/05,11:00,0,0,0.079,0.0,0.0
2026/07/05,12:00,0,0,0.079,0.0,0.0
2026/07/05,13:00,0.053,0,0.079,0.0042,0.0
2026/07/05,14:00,0.083,0,0.079,0.0066,0.0
2026/07/05,15:00,0.062,0,0.079,0.0049,0.0
2026/07/05,16:00,0,0,0.079,0.0,0.0
2026/07/05,17:00,0,0,0.079,0.0,0.0
2026/07/05,18:00,0,0,0.079,0.0,0.0
2026/07/05,19:00,0,0,0.079,0.0,0.0
2026/07/05,20:00,0,0,0.079,0.0,0.0
2026/07/05,21:00,0.038,0,0.079,0.003,0.0
2026/07/05,22:00,0.148,0,0.079,0.0117,0.0
2026/07/05,23:00,0.167,0,0.079,0.0132,0.0
2026/07/05,24:00,0.177,0,0.116,0.0205,0.0
2026/07/06,01:00,0.178,0,0.079,0.0141,0.0
2026/07/06,02:00,0.163,0,0.079,0.0129,0.0
2026/07/06,03:00,0.205,0,0.079,0.0162,0.0
2026/07/06,04:00,0.225,0,0.079,0.0178,0.0
2026/07/06,05:00,0.188,0,0.079,0.0149,0.0
2026/07/06,06:00,0.232,0,0.079,0.0183,0.0
2026/07/06,07:00,0.208,0,0.079,0.0164,0.0
2026/07/06,08:00,0.088,0,0.116,0.0102,0.0
2026/07/06,09:00,0,0,0.195,0.0,0.0
2026/07/06,10:00,0,0,0.195,0.0,0.0
2026/07/06,11:00,0,0,0.195,0.0,0.0
2026/07/06,12:00,0,0,0.195,0.0,0.0
2026/07/06,13:00,0.004,0,0.195,0.0008,0.0
2026/07/06,14:00,0,0,0.116,0.0,0.0
2026/07/06,15:00,0,0,0.116,0.0,0.0
2026/07/06,16:00,0,0,0.116,0.0,0.0
2026/07/06,17:00,0,0,0.116,0.0,0.0
2026/07/06,18:00,0.021,0,0.116,0.0024,0.0
2026/07/06,19:00,0.391,0,0.195,0.0762,0.0
2026/07/06,20:00,0.916,0,0.195,0.1786,0.0
2026/07/06,21:00,1.039,0,0.195,0.2026,0.0
2026/07/06,22:00,0.18,0,0.116,0.0209,0.0
2026/07/06,23:00,0.184,0,0.079,0.0145,0.0
2026/07/06,24:00,0.799,0,0.116,0.0927,0.0
2026/07/07,01:00,0.79,0,0.079,0.0624,0.0
2026/07/07,02:00,0.922,0,0.079,0.0728,0.0
2026/07/07,03:00,0.73,0,0.079,0.0577,0.0
2026/07/07,04:00,0.774,0,0.079,0.0611,0.0
2026/07/07,05:00,0.756,0,0.079,0.0597,0.0
2026/07/07,06:00,0.494,0,0.079,0.039,0.0
2026/07/07,07:00,0.175,0,0.079,0.0138,0.0
2026/07/07,08:00,0.032,0,0.116,0.0037,0.0
2026/07/07,09:00,0,0,0.195,0.0,0.0
2026/07/07,10:00,0,0,0.195,0.0,0.0
2026/07/07,11:00,0,0,0.195,0.0,0.0
2026/07/07,12:00,0,0,0.195,0.0,0.0
2026/07/07,13:00,0,0,0.195,0.0,0.0
2026/07/07,14:00,0,0,0.116,0.0,0.0
2026/07/07,15:00,0.013,0,0.116,0.0015,0.0
2026/07/07,16:00,0,0,0.116,0.0,0.0
2026/07/07,17:00,0.137,0,0.116,0.0159,0.0
2026/07/07,18:00,0.012,0,0.116,0.0014,0.0
2026/07/07,19:00,0.132,0,0.195,0.0257,0.0
2026/07/07,20:00,0,0,0.195,0.0,0.0
2026/07/07,21:00,0.082,0,0.195,0.016,0.0
2026/07/07,22:00,0.185,0,0.116,0.0215,0.0
2026/07/07,23:00,1.53,0,0.079,0.1209,0.0
2026/07/07,24:00,1.543,0,0.116,0.179,0.0
2026/07/08,01:00,0.784,0,0.079,0.0619,0.0
2026/07/08,02:00,0.824,0,0.079,0.0651,0.0
2026/07/08,03:00,0.782,0,0.079,0.0618,0.0
2026/07/08,04:00,0.702,0,0.079,0.0555,0.0
2026/07/08,05:00,0.814,0,0.079,0.0643,0.0
2026/07/08,06:00,0.635,0,0.079,0.0502,0.0
2026/07/08,07:00,0.258,0,0.079,0.0204,0.0
2026/07/08,08:00,0.044,0,0.116,0.0051,0.0
2026/07/08,09:00,0,0,0.195,0.0,0.0
2026/07/08,10:00,0,0,0.195,0.0,0.0
2026/07/08,11:00,0,0,0.195,0.0,0.0
2026/07/08,12:00,0,0,0.195,0.0,0.0
2026/07/08,13:00,0,0,0.195,0.0,0.0
2026/07/08,14:00,0,0,0.116,0.0,0.0
2026/07/08,15:00,0.014,0,0.116,0.0016,0.0
2026/07/08,16:00,0.029,0,0.116,0.0034,0.0
2026/07/08,17:00,0.248,0,0.116,0.0288,0.0
2026/07/08,18:00,0.038,0,0.116,0.0044,0.0
2026/07/08,19:00,0,0,0.195,0.0,0.0
2026/07/08,20:00,0.419,0,0.195,0.0817,0.0
2026/07/08,21:00,1.581,0,0.195,0.3083,0.0
2026/07/08,22:00,2.199,0,0.116,0.2551,0.0
2026/07/08,23:00,1.41,0,0.079,0.1114,0.0
2026/07/08,24:00,0.448,0,0.116,0.052,0.0
2026/07/09,01:00,0.828,0,0.079,0.0654,0.0
2026/07/09,02:00,0.747,0,0.079,0.059,0.0
2026/07/09,03:00,0.73,0,0.079,0.0577,0.0
2026/07/09,04:00,0.84,0,0.079,0.0664,0.0
2026/07/09,05:00,0.712,0,0.079,0.0562,0.0
2026/07/09,06:00,0.5,0,0.079,0.0395,0.0
2026/07/09,07:00,0.173,0,0.079,0.0137,0.0
2026/07/09,08:00,0.028,0,0.116,0.0032,0.0
2026/07/09,09:00,0.002,0,0.195,0.0004,0.0
2026/07/09,10:00,0,0,0.195,0.0,0.0
2026/07/09,11:00,0,0,0.195,0.0,0.0
2026/07/09,12:00,0,0,0.195,0.0,0.0
2026/07/09,13:00,0,0,0.195,0.0,0.0
2026/07/09,14:00,0,0,0.116,0.0,0.0
2026/07/09,15:00,0,0,0.116,0.0,0.0
2026/07/09,16:00,0,0,0.116,0.0,0.0
2026/07/09,17:00,0,0,0.116,0.0,0.0
2026/07/09,18:00,0.119,0,0.116,0.0138,0.0
2026/07/09,19:00,0.044,0,0.195,0.0086,0.0
2026/07/09,20:00,0,0,0.195,0.0,0.0
2026/07/09,21:00,0.022,0,0.195,0.0043,0.0
2026/07/09,22:00,0.212,0,0.116,0.0246,0.0
2026/07/09,23:00,1.431,0,0.079,0.113,0.0
2026/07/09,24:00,1.698,0,0.116,0.197,0.0
2026/07/10,01:00,0.918,0,0.079,0.0725,0.0
2026/07/10,02:00,0.617,0,0.079,0.0487,0.0
2026/07/10,03:00,0.819,0,0.079,0.0647,0.0
2026/07/10,04:00,0.769,0,0.079,0.0608,0.0
2026/07/10,05:00,0.701,0,0.079,0.0554,0.0
2026/07/10,06:00,0.479,0,0.079,0.0378,0.0
2026/07/10,07:00,0.392,0,0.079,0.031,0.0
2026/07/10,08:00,0.077,0,0.116,0.0089,0.0
2026/07/10,09:00,0,0,0.195,0.0,0.0
2026/07/10,10:00,0,0,0.195,0.0,0.0
2026/07/10,11:00,0,0,0.195,0.0,0.0
2026/07/10,12:00,0,0,0.195,0.0,0.0
2026/07/10,13:00,0,0,0.195,0.0,0.0
2026/07/10,14:00,0.06,0,0.116,0.007,0.0
2026/07/10,15:00,0,0,0.116,0.0,0.0
2026/07/10,16:00,0,0,0.116,0.0,0.0
2026/07/10,17:00,0,0,0.116,0.0,0.0
2026/07/10,18:00,0,0,0.116,0.0,0.0
2026/07/10,19:00,0,0,0.195,0.0,0.0
2026/07/10,20:00,0,0,0.195,0.0,0.0
2026/07/10,21:00,0.052,0,0.195,0.0101,0.0
2026/07/10,22:00,0.16,0,0.116,0.0186,0.0
2026/07/10,23:00,0.161,0,0.079,0.0127,0.0
2026/07/10,24:00,0.797,0,0.116,0.0925,0.0
2026/07/11,01:00,1.053,0,0.079,0.0832,0.0
2026/07/11,02:00,0.887,0,0.079,0.0701,0.0
2026/07/11,03:00,0.881,0,0.079,0.0696,0.0
2026/07/11,04:00,0.787,0,0.079,0.0622,0.0
2026/07/11,05:00,0.778,0,0.079,0.0615,0.0
2026/07/11,06:00,0.859,0,0.079,0.0679,0.0
2026/07/11,07:00,0.802,0,0.079,0.0634,0.0
2026/07/11,08:00,0.671,0,0.079,0.053,0.0
2026/07/11,09:00,0.406,0,0.079,0.0321,0.0
2026/07/11,10:00,0.092,0,0.079,0.0073,0.0
2026/07/11,11:00,0.001,0,0.079,0.0001,0.0
2026/07/11,12:00,0,0,0.079,0.0,0.0
2026/07/11,13:00,0,0,0.079,0.0,0.0
2026/07/11,14:00,0,0,0.079,0.0,0.0
2026/07/11,15:00,0.05,0,0.079,0.004,0.0
2026/07/11,16:00,0.177,0,0.079,0.014,0.0
2026/07/11,17:00,0.108,0,0.079,0.0085,0.0
2026/07/11,18:00,0.166,0,0.079,0.0131,0.0
2026/07/11,19:00,0,0,0.079,0.0,0.0
2026/07/11,20:00,0,0,0.079,0.0,0.0
2026/07/11,21:00,0.074,0,0.079,0.0058,0.0
2026/07/11,22:00,0.181,0,0.079,0.0143,0.0
2026/07/11,23:00,0.181,0,0.079,0.0143,0.0
2026/07/11,24:00,0.203,0,0.116,0.0235,0.0
2026/07/12,01:00,0.176,0,0.079,0.0139,0.0
2026/07/12,02:00,0.561,0,0.079,0.0443,0.0
2026/07/12,03:00,1.083,0,0.079,0.0856,0.0
2026/07/12,04:00,0.801,0,0.079,0.0633,0.0
2026/07/12,05:00,0.882,0,0.079,0.0697,0.0
2026/07/12,06:00,0.74,0,0.079,0.0585,0.0
2026/07/12,07:00,0.863,0,0.079,0.0682,0.0
2026/07/12,08:00,0.569,0,0.079,0.045,0.0
2026/07/12,09:00,0.396,0,0.079,0.0313,0.0
2026/07/12,10:00,0.176,0,0.079,0.0139,0.0
2026/07/12,11:00,0.05,0,0.079,0.004,0.0
2026/07/12,12:00,0.003,0,0.079,0.0002,0.0
2026/07/12,13:00,0.018,0,0.079,0.0014,0.0
2026/07/12,14:00,0,0,0.079,0.0,0.0
2026/07/12,15:00,0,0,0.079,0.0,0.0
2026/07/12,16:00,0,0,0.079,0.0,0.0
2026/07/12,17:00,0,0,0.079,0.0,0.0
2026/07/12,18:00,0,0,0.079,0.0,0.0
2026/07/12,19:00,0,0,0.079,0.0,0.0
2026/07/12,20:00,0,0,0.079,0.0,0.0
2026/07/12,21:00,0.032,0,0.079,0.0025,0.0
2026/07/12,22:00,0.154,0,0.079,0.0122,0.0
2026/07/12,23:00,0.171,0,0.079,0.0135,0.0
2026/07/12,24:00,0.181,0,0.116,0.021,0.0
2026/07/13,01:00,0.187,0,0.079,0.0148,0.0
2026/07/13,02:00,0.233,0,0.079,0.0184,0.0
2026/07/13,03:00,0.187,0,0.079,0.0148,0.0
2026/07/13,04:00,0.182,0,0.079,0.0144,0.0
2026/07/13,05:00,0.182,0,0.079,0.0144,0.0
2026/07/13,06:00,0.214,0,0.079,0.0169,0.0
2026/07/13,07:00,0.23,0,0.079,0.0182,0.0
2026/07/13,08:00,0.326,0,0.116,0.0378,0.0
2026/07/13,09:00,0,0,0.195,0.0,0.0
2026/07/13,10:00,0,0,0.195,0.0,0.0
2026/07/13,11:00,0,0,0.195,0.0,0.0
2026/07/13,12:00,0,0,0.195,0.0,0.0
2026/07/13,13:00,0.019,0,0.195,0.0037,0.0
2026/07/13,14:00,0.012,0,0.116,0.0014,0.0
2026/07/13,15:00,0,0,0.116,0.0,0.0
2026/07/13,16:00,0,0,0.116,0.0,0.0
2026/07/13,17:00,0.004,0,0.116,0.0005,0.0
2026/07/13,18:00,0,0,0.116,0.0,0.0
2026/07/13,19:00,0,0,0.195,0.0,0.0
2026/07/13,20:00,0,0,0.195,0.0,0.0
2026/07/13,21:00,0.047,0,0.195,0.0092,0.0
2026/07/13,22:00,1.104,0,0.116,0.1281,0.0
2026/07/13,23:00,1.816,0,0.079,0.1435,0.0
2026/07/13,24:00,1.388,0,0.116,0.161,0.0
2026/07/14,01:00,0.751,0,0.079,0.0593,0.0
2026/07/14,02:00,0.877,0,0.079,0.0693,0.0
2026/07/14,03:00,0.866,0,0.079,0.0684,0.0
2026/07/14,04:00,0.807,0,0.079,0.0638,0.0
2026/07/14,05:00,0.738,0,0.079,0.0583,0.0
2026/07/14,06:00,0.868,0,0.079,0.0686,0.0
2026/07/14,07:00,0.178,0,0.079,0.0141,0.0
2026/07/14,08:00,0.068,0,0.116,0.0079,0.0
2026/07/14,09:00,0,0,0.195,0.0,0.0
2026/07/14,10:00,0,0,0.195,0.0,0.0
2026/07/14,11:00,0,0,0.195,0.0,0.0
2026/07/14,12:00,0.046,0,0.195,0.009,0.0
2026/07/14,13:00,0,0,0.195,0.0,0.0
2026/07/14,14:00,0.017,0,0.116,0.002,0.0
2026/07/14,15:00,0.012,0,0.116,0.0014,0.0
2026/07/14,16:00,0.006,0,0.116,0.0007,0.0
2026/07/14,17:00,0.007,0,0.116,0.0008,0.0
2026/07/14,18:00,0,0,0.116,0.0,0.0
2026/07/14,19:00,0,0,0.195,0.0,0.0
2026/07/14,20:00,0,0,0.195,0.0,0.0
2026/07/14,21:00,0.044,0,0.195,0.0086,0.0
2026/07/14,22:00,0.219,0,0.116,0.0254,0.0
2026/07/14,23:00,0.176,0,0.079,0.0139,0.0
2026/07/14,24:00,0.622,0,0.116,0.0722,0.0
2026/07/15,01:00,0.907,0,0.079,0.0717,0.0
2026/07/15,02:00,0.883,0,0.079,0.0698,0.0
2026/07/15,03:00,0.856,0,0.079,0.0676,0.0
2026/07/15,04:00,0.864,0,0.079,0.0683,0.0
2026/07/15,05:00,0.92,0,0.079,0.0727,0.0
2026/07/15,06:00,1.191,0,0.079,0.0941,0.0
2026/07/15,07:00,0.167,0,0.079,0.0132,0.0
2026/07/15,08:00,0.044,0,0.116,0.0051,0.0
2026/07/15,09:00,0,0,0.195,0.0,0.0
2026/07/15,10:00,0,0,0.195,0.0,0.0
2026/07/15,11:00,0,0,0.195,0.0,0.0
2026/07/15,12:00,0,0,0.195,0.0,0.0
2026/07/15,13:00,0,0,0.195,0.0,0.0
2026/07/15,14:00,0,0,0.116,0.0,0.0
2026/07/15,15:00,0,0,0.116,0.0,0.0
2026/07/15,16:00,0.002,0,0.116,0.0002,0.0
2026/07/15,17:00,0.016,0,0.116,0.0019,0.0
2026/07/15,18:00,0.073,0,0.116,0.0085,0.0
2026/07/15,19:00,0.45,0,0.195,0.0878,0.0
2026/07/15,20:00,0.689,0,0.195,0.1344,0.0
2026/07/15,21:00,0.655,0,0.195,0.1277,0.0
2026/07/15,22:00,1.15,0,0.116,0.1334,0.0
2026/07/15,23:00,1.157,0,0.079,0.0914,0.0
2026/07/15,24:00,0.797,0,0.116,0.0925,0.0
2026/07/16,01:00,0.885,0,0.079,0.0699,0.0
2026/07/16,02:00,0.735,0,0.079,0.0581,0.0
2026/07/16,03:00,0.845,0,0.079,0.0668,0.0
2026/07/16,04:00,0.774,0,0.079,0.0611,0.0
2026/07/16,05:00,0.74,0,0.079,0.0585,0.0
2026/07/16,06:00,0.905,0,0.079,0.0715,0.0
2026/07/16,07:00,0.179,0,0.079,0.0141,0.0
2026/07/16,08:00,0.273,0,0.116,0.0317,0.0
2026/07/16,09:00,0,0,0.195,0.0,0.0
2026/07/16,10:00,0,0,0.195,0.0,0.0
2026/07/16,11:00,0,0,0.195,0.0,0.0
2026/07/16,12:00,0.024,0,0.195,0.0047,0.0
2026/07/16,13:00,0.032,0,0.195,0.0062,0.0
2026/07/16,14:00,0,0,0.116,0.0,0.0
2026/07/16,15:00,0,0,0.116,0.0,0.0
2026/07/16,16:00,0,0,0.116,0.0,0.0
2026/07/16,17:00,0.021,0,0.116,0.0024,0.0
2026/07/16,18:00,0.1,0,0.116,0.0116,0.0
2026/07/16,19:00,0,0,0.195,0.0,0.0
2026/07/16,20:00,0,0,0.195,0.0,0.0
2026/07/16,21:00,0.028,0,0.195,0.0055,0.0
2026/07/16,22:00,0.181,0,0.116,0.021,0.0
2026/07/16,23:00,0.184,0,0.079,0.0145,0.0
2026/07/16,24:00,0.307,0,0.116,0.0356,0.0
2026/07/17,01:00,1.249,0,0.079,0.0987,0.0
2026/07/17,02:00,0.892,0,0.079,0.0705,0.0
2026/07/17,03:00,0.752,0,0.079,0.0594,0.0
2026/07/17,04:00,0.857,0,0.079,0.0677,0.0
2026/07/17,05:00,0.727,0,0.079,0.0574,0.0
2026/07/17,06:00,1.019,0,0.079,0.0805,0.0
2026/07/17,07:00,0.231,0,0.079,0.0182,0.0
2026/07/17,08:00,0.103,0,0.116,0.0119,0.0
2026/07/17,09:00,0.002,0,0.195,0.0004,0.0
2026/07/17,10:00,0,0,0.195,0.0,0.0
2026/07/17,11:00,0,0,0.195,0.0,0.0
2026/07/17,12:00,0,0,0.195,0.0,0.0
2026/07/17,13:00,0,0,0.195,0.0,0.0
2026/07/17,14:00,0,0,0.116,0.0,0.0
2026/07/17,15:00,0,0,0.116,0.0,0.0
2026/07/17,16:00,0,0,0.116,0.0,0.0
2026/07/17,17:00,0.006,0,0.116,0.0007,0.0
2026/07/17,18:00,0.186,0,0.116,0.0216,0.0
2026/07/17,19:00,0.549,0,0.195,0.1071,0.0
2026/07/17,20:00,0.719,0,0.195,0.1402,0.0
2026/07/17,21:00,0.989,0,0.195,0.1929,0.0
2026/07/17,22:00,1.462,0,0.116,0.1696,0.0
2026/07/17,23:00,1.406,0,0.079,0.1111,0.0
2026/07/17,24:00,1.366,0,0.116,0.1585,0.0
